{
    "counter": {
        "ACTIVE": 12110,
        "INACTIVE": 1206,
        "INVALID": 7,
        "MALICIOUS": 0,
        "SANE": 0,
        "VALID": 0,
        "total": 13323
    },
    "percentage": {
        "ACTIVE": 90.89544396907604,
        "INACTIVE": 9.052694790571985,
        "INVALID": 0.07863401482812851,
        "MALICIOUS": 0,
        "SANE": 0,
        "VALID": 0,
        "total": 100.02677277447616
    }
}