{
    "counter": {
        "ACTIVE": 12971,
        "INACTIVE": 1369,
        "INVALID": 7,
        "MALICIOUS": 0,
        "SANE": 0,
        "VALID": 0,
        "total": 14347
    },
    "percentage": {
        "ACTIVE": 90.40914476894125,
        "INACTIVE": 9.550718571229245,
        "INVALID": 0.07863401482812851,
        "MALICIOUS": 0,
        "SANE": 0,
        "VALID": 0,
        "total": 100.03849735499861
    }
}