{
    "counter": {
        "ACTIVE": 9908,
        "INACTIVE": 841,
        "INVALID": 7,
        "MALICIOUS": 0,
        "SANE": 0,
        "VALID": 0,
        "total": 10756
    },
    "percentage": {
        "ACTIVE": 92.11602826329491,
        "INACTIVE": 7.821800595238095,
        "INVALID": 0.07863401482812851,
        "MALICIOUS": 0,
        "SANE": 0,
        "VALID": 0,
        "total": 100.01646287336114
    }
}