{
    "counter": {
        "ACTIVE": 12525,
        "INACTIVE": 1273,
        "INVALID": 7,
        "MALICIOUS": 0,
        "SANE": 0,
        "VALID": 0,
        "total": 13805
    },
    "percentage": {
        "ACTIVE": 90.72799710249909,
        "INACTIVE": 9.231996518964392,
        "INVALID": 0.07863401482812851,
        "MALICIOUS": 0,
        "SANE": 0,
        "VALID": 0,
        "total": 100.03862763629161
    }
}