{
    "counter": {
        "ACTIVE": 15354,
        "INACTIVE": 1472,
        "INVALID": 7,
        "MALICIOUS": 0,
        "SANE": 0,
        "VALID": 0,
        "total": 16833
    },
    "percentage": {
        "ACTIVE": 91.21368739975048,
        "INACTIVE": 8.75096605433684,
        "INVALID": 0.07863401482812851,
        "MALICIOUS": 0,
        "SANE": 0,
        "VALID": 0,
        "total": 100.04328746891545
    }
}