{
    "counter": {
        "ACTIVE": 9910,
        "INACTIVE": 842,
        "INVALID": 7,
        "MALICIOUS": 0,
        "SANE": 0,
        "VALID": 0,
        "total": 10759
    },
    "percentage": {
        "ACTIVE": 92.10893205688261,
        "INACTIVE": 7.8274611880635865,
        "INVALID": 0.07863401482812851,
        "MALICIOUS": 0,
        "SANE": 0,
        "VALID": 0,
        "total": 100.01502725977431
    }
}