{
    "counter": {
        "ACTIVE": 9373,
        "INACTIVE": 731,
        "INVALID": 7,
        "MALICIOUS": 0,
        "SANE": 0,
        "VALID": 0,
        "total": 10111
    },
    "percentage": {
        "ACTIVE": 92.7010186925131,
        "INACTIVE": 7.235474611501534,
        "INVALID": 0.07863401482812851,
        "MALICIOUS": 0,
        "SANE": 0,
        "VALID": 0,
        "total": 100.01512731884276
    }
}