{
    "counter": {
        "ACTIVE": 12274,
        "INACTIVE": 1227,
        "INVALID": 7,
        "MALICIOUS": 0,
        "SANE": 0,
        "VALID": 0,
        "total": 13508
    },
    "percentage": {
        "ACTIVE": 90.8646727864969,
        "INACTIVE": 9.095626389918458,
        "INVALID": 0.07863401482812851,
        "MALICIOUS": 0,
        "SANE": 0,
        "VALID": 0,
        "total": 100.03893319124349
    }
}