{
    "counter": {
        "ACTIVE": 16266,
        "INACTIVE": 1519,
        "INVALID": 7,
        "MALICIOUS": 0,
        "SANE": 0,
        "VALID": 0,
        "total": 17792
    },
    "percentage": {
        "ACTIVE": 91.42311151079137,
        "INACTIVE": 8.537544964028777,
        "INVALID": 0.03934352517985611,
        "MALICIOUS": 0.0,
        "SANE": 0.0,
        "VALID": 0.0,
        "total": 100.00000000000001
    }
}