{
    "counter": {
        "ACTIVE": 14021,
        "INACTIVE": 1441,
        "INVALID": 7,
        "MALICIOUS": 0,
        "SANE": 0,
        "VALID": 0,
        "total": 15469
    },
    "percentage": {
        "ACTIVE": 90.6393432025341,
        "INACTIVE": 9.334715294422491,
        "INVALID": 0.07863401482812851,
        "MALICIOUS": 0,
        "SANE": 0,
        "VALID": 0,
        "total": 100.05269251178473
    }
}