{
    "counter": {
        "ACTIVE": 16275,
        "INACTIVE": 1519,
        "INVALID": 7,
        "MALICIOUS": 0,
        "SANE": 0,
        "VALID": 0,
        "total": 17801
    },
    "percentage": {
        "ACTIVE": 91.42744789618561,
        "INACTIVE": 8.533228470310657,
        "INVALID": 0.039323633503735744,
        "MALICIOUS": 0.0,
        "SANE": 0.0,
        "VALID": 0.0,
        "total": 100.00000000000001
    }
}