{
    "counter": {
        "ACTIVE": 15763,
        "INACTIVE": 1489,
        "INVALID": 7,
        "MALICIOUS": 0,
        "SANE": 0,
        "VALID": 0,
        "total": 17259
    },
    "percentage": {
        "ACTIVE": 91.33205863607394,
        "INACTIVE": 8.6489312267658,
        "INVALID": 0.07863401482812851,
        "MALICIOUS": 0,
        "SANE": 0,
        "VALID": 0,
        "total": 100.05962387766786
    }
}