{
    "counter": {
        "ACTIVE": 15509,
        "INACTIVE": 1479,
        "INVALID": 7,
        "MALICIOUS": 0,
        "SANE": 0,
        "VALID": 0,
        "total": 16995
    },
    "percentage": {
        "ACTIVE": 91.25625183877611,
        "INACTIVE": 8.70358382863532,
        "INVALID": 0.07863401482812851,
        "MALICIOUS": 0,
        "SANE": 0,
        "VALID": 0,
        "total": 100.03846968223955
    }
}