{
    "counter": {
        "ACTIVE": 12703,
        "INACTIVE": 1327,
        "INVALID": 7,
        "MALICIOUS": 0,
        "SANE": 0,
        "VALID": 0,
        "total": 14037
    },
    "percentage": {
        "ACTIVE": 90.49654484576476,
        "INACTIVE": 9.456281621891256,
        "INVALID": 0.07863401482812851,
        "MALICIOUS": 0,
        "SANE": 0,
        "VALID": 0,
        "total": 100.03146048248414
    }
}