{
    "counter": {
        "ACTIVE": 12942,
        "INACTIVE": 1366,
        "INVALID": 7,
        "MALICIOUS": 0,
        "SANE": 0,
        "VALID": 0,
        "total": 14315
    },
    "percentage": {
        "ACTIVE": 90.4149783428811,
        "INACTIVE": 9.542438002095704,
        "INVALID": 0.07863401482812851,
        "MALICIOUS": 0,
        "SANE": 0,
        "VALID": 0,
        "total": 100.03605035980493
    }
}