{
    "counter": {
        "ACTIVE": 12297,
        "INACTIVE": 1229,
        "INVALID": 7,
        "MALICIOUS": 0,
        "SANE": 0,
        "VALID": 0,
        "total": 13533
    },
    "percentage": {
        "ACTIVE": 90.86677011749057,
        "INACTIVE": 9.090909090909092,
        "INVALID": 0.07863401482812851,
        "MALICIOUS": 0,
        "SANE": 0,
        "VALID": 0,
        "total": 100.0363132232278
    }
}