{
    "counter": {
        "ACTIVE": 9911,
        "INACTIVE": 842,
        "INVALID": 7,
        "MALICIOUS": 0,
        "SANE": 0,
        "VALID": 0,
        "total": 10760
    },
    "percentage": {
        "ACTIVE": 92.1096654275093,
        "INACTIVE": 7.8274611880635865,
        "INVALID": 0.07863401482812851,
        "MALICIOUS": 0,
        "SANE": 0,
        "VALID": 0,
        "total": 100.015760630401
    }
}