{
    "counter": {
        "ACTIVE": 12967,
        "INACTIVE": 1369,
        "INVALID": 7,
        "MALICIOUS": 0,
        "SANE": 0,
        "VALID": 0,
        "total": 14343
    },
    "percentage": {
        "ACTIVE": 90.40647005507913,
        "INACTIVE": 9.550718571229245,
        "INVALID": 0.07863401482812851,
        "MALICIOUS": 0,
        "SANE": 0,
        "VALID": 0,
        "total": 100.03582264113649
    }
}