{
    "counter": {
        "ACTIVE": 13238,
        "INACTIVE": 1401,
        "INVALID": 7,
        "MALICIOUS": 0,
        "SANE": 0,
        "VALID": 0,
        "total": 14646
    },
    "percentage": {
        "ACTIVE": 90.3864536392189,
        "INACTIVE": 9.576867865199262,
        "INVALID": 0.07863401482812851,
        "MALICIOUS": 0,
        "SANE": 0,
        "VALID": 0,
        "total": 100.04195551924629
    }
}