{
    "counter": {
        "ACTIVE": 16232,
        "INACTIVE": 1519,
        "INVALID": 7,
        "MALICIOUS": 0,
        "SANE": 0,
        "VALID": 0,
        "total": 17758
    },
    "percentage": {
        "ACTIVE": 91.4066899425611,
        "INACTIVE": 8.55389120396441,
        "INVALID": 0.03941885347449037,
        "MALICIOUS": 0.0,
        "SANE": 0.0,
        "VALID": 0.0,
        "total": 100.0
    }
}