{
    "counter": {
        "ACTIVE": 12001,
        "INACTIVE": 1188,
        "INVALID": 7,
        "MALICIOUS": 0,
        "SANE": 0,
        "VALID": 0,
        "total": 13196
    },
    "percentage": {
        "ACTIVE": 90.95111784766956,
        "INACTIVE": 9.002728099424068,
        "INVALID": 0.07863401482812851,
        "MALICIOUS": 0,
        "SANE": 0,
        "VALID": 0,
        "total": 100.03247996192177
    }
}