{
    "counter": {
        "ACTIVE": 15413,
        "INACTIVE": 1475,
        "INVALID": 7,
        "MALICIOUS": 0,
        "SANE": 0,
        "VALID": 0,
        "total": 16895
    },
    "percentage": {
        "ACTIVE": 91.22817401598105,
        "INACTIVE": 8.738151658767773,
        "INVALID": 0.07863401482812851,
        "MALICIOUS": 0,
        "SANE": 0,
        "VALID": 0,
        "total": 100.04495968957696
    }
}