{
    "counter": {
        "ACTIVE": 14627,
        "INACTIVE": 1455,
        "INVALID": 7,
        "MALICIOUS": 0,
        "SANE": 0,
        "VALID": 0,
        "total": 16089
    },
    "percentage": {
        "ACTIVE": 90.9130461806203,
        "INACTIVE": 9.044570149810406,
        "INVALID": 0.07863401482812851,
        "MALICIOUS": 0,
        "SANE": 0,
        "VALID": 0,
        "total": 100.03625034525884
    }
}