{
    "counter": {
        "ACTIVE": 10350,
        "INACTIVE": 952,
        "INVALID": 7,
        "MALICIOUS": 0,
        "SANE": 0,
        "VALID": 0,
        "total": 11309
    },
    "percentage": {
        "ACTIVE": 91.5200282960474,
        "INACTIVE": 8.421052631578947,
        "INVALID": 0.07863401482812851,
        "MALICIOUS": 0,
        "SANE": 0,
        "VALID": 0,
        "total": 100.01971494245447
    }
}