{
    "counter": {
        "ACTIVE": 16042,
        "INACTIVE": 1505,
        "INVALID": 7,
        "MALICIOUS": 0,
        "SANE": 0,
        "VALID": 0,
        "total": 17554
    },
    "percentage": {
        "ACTIVE": 91.38657855759371,
        "INACTIVE": 8.573544491284038,
        "INVALID": 0.03987695112225134,
        "MALICIOUS": 0.0,
        "SANE": 0.0,
        "VALID": 0.0,
        "total": 100.0
    }
}