{
    "counter": {
        "ACTIVE": 13362,
        "INACTIVE": 1406,
        "INVALID": 7,
        "MALICIOUS": 0,
        "SANE": 0,
        "VALID": 0,
        "total": 14775
    },
    "percentage": {
        "ACTIVE": 90.43654822335026,
        "INACTIVE": 9.521874576730326,
        "INVALID": 0.07863401482812851,
        "MALICIOUS": 0,
        "SANE": 0,
        "VALID": 0,
        "total": 100.03705681490871
    }
}