{
    "counter": {
        "ACTIVE": 12205,
        "INACTIVE": 1215,
        "INVALID": 7,
        "MALICIOUS": 0,
        "SANE": 0,
        "VALID": 0,
        "total": 13427
    },
    "percentage": {
        "ACTIVE": 90.89893498175319,
        "INACTIVE": 9.054325955734406,
        "INVALID": 0.07863401482812851,
        "MALICIOUS": 0,
        "SANE": 0,
        "VALID": 0,
        "total": 100.03189495231571
    }
}