{
    "counter": {
        "ACTIVE": 15679,
        "INACTIVE": 1488,
        "INVALID": 7,
        "MALICIOUS": 0,
        "SANE": 0,
        "VALID": 0,
        "total": 17174
    },
    "percentage": {
        "ACTIVE": 91.29498078490742,
        "INACTIVE": 8.665773688195213,
        "INVALID": 0.07863401482812851,
        "MALICIOUS": 0,
        "SANE": 0,
        "VALID": 0,
        "total": 100.03938848793076
    }
}