{
    "counter": {
        "ACTIVE": 12397,
        "INACTIVE": 1247,
        "INVALID": 7,
        "MALICIOUS": 0,
        "SANE": 0,
        "VALID": 0,
        "total": 13651
    },
    "percentage": {
        "ACTIVE": 90.81385979049153,
        "INACTIVE": 9.139548519495749,
        "INVALID": 0.07863401482812851,
        "MALICIOUS": 0,
        "SANE": 0,
        "VALID": 0,
        "total": 100.03204232481541
    }
}