{
    "counter": {
        "ACTIVE": 12176,
        "INACTIVE": 1213,
        "INVALID": 7,
        "MALICIOUS": 0,
        "SANE": 0,
        "VALID": 0,
        "total": 13396
    },
    "percentage": {
        "ACTIVE": 90.89280382203643,
        "INACTIVE": 9.061029356838723,
        "INVALID": 0.07863401482812851,
        "MALICIOUS": 0,
        "SANE": 0,
        "VALID": 0,
        "total": 100.03246719370328
    }
}