{
    "counter": {
        "ACTIVE": 13729,
        "INACTIVE": 1431,
        "INVALID": 7,
        "MALICIOUS": 0,
        "SANE": 0,
        "VALID": 0,
        "total": 15167
    },
    "percentage": {
        "ACTIVE": 90.51888969473198,
        "INACTIVE": 9.442428241504453,
        "INVALID": 0.07863401482812851,
        "MALICIOUS": 0,
        "SANE": 0,
        "VALID": 0,
        "total": 100.03995195106457
    }
}