{
    "counter": {
        "ACTIVE": 13597,
        "INACTIVE": 1419,
        "INVALID": 7,
        "MALICIOUS": 0,
        "SANE": 0,
        "VALID": 0,
        "total": 15023
    },
    "percentage": {
        "ACTIVE": 90.507887905212,
        "INACTIVE": 9.455587392550143,
        "INVALID": 0.07863401482812851,
        "MALICIOUS": 0,
        "SANE": 0,
        "VALID": 0,
        "total": 100.04210931259027
    }
}