{
    "counter": {
        "ACTIVE": 13929,
        "INACTIVE": 1440,
        "INVALID": 7,
        "MALICIOUS": 0,
        "SANE": 0,
        "VALID": 0,
        "total": 15376
    },
    "percentage": {
        "ACTIVE": 90.58922996878252,
        "INACTIVE": 9.3713393205779,
        "INVALID": 0.07863401482812851,
        "MALICIOUS": 0,
        "SANE": 0,
        "VALID": 0,
        "total": 100.03920330418855
    }
}