{
    "counter": {
        "ACTIVE": 13033,
        "INACTIVE": 1377,
        "INVALID": 7,
        "MALICIOUS": 0,
        "SANE": 0,
        "VALID": 0,
        "total": 14417
    },
    "percentage": {
        "ACTIVE": 90.40022196018589,
        "INACTIVE": 9.553874973981822,
        "INVALID": 0.07863401482812851,
        "MALICIOUS": 0,
        "SANE": 0,
        "VALID": 0,
        "total": 100.03273094899583
    }
}