{
    "counter": {
        "ACTIVE": 11600,
        "INACTIVE": 1062,
        "INVALID": 7,
        "MALICIOUS": 0,
        "SANE": 0,
        "VALID": 0,
        "total": 12669
    },
    "percentage": {
        "ACTIVE": 91.56208066935038,
        "INACTIVE": 8.386638237384506,
        "INVALID": 0.07863401482812851,
        "MALICIOUS": 0,
        "SANE": 0,
        "VALID": 0,
        "total": 100.02735292156301
    }
}