{
    "counter": {
        "ACTIVE": 16049,
        "INACTIVE": 1505,
        "INVALID": 7,
        "MALICIOUS": 0,
        "SANE": 0,
        "VALID": 0,
        "total": 17561
    },
    "percentage": {
        "ACTIVE": 91.39001195831672,
        "INACTIVE": 8.570126985934742,
        "INVALID": 0.039861055748533686,
        "MALICIOUS": 0.0,
        "SANE": 0.0,
        "VALID": 0.0,
        "total": 100.0
    }
}