{
    "counter": {
        "ACTIVE": 12373,
        "INACTIVE": 1242,
        "INVALID": 7,
        "MALICIOUS": 0,
        "SANE": 0,
        "VALID": 0,
        "total": 13622
    },
    "percentage": {
        "ACTIVE": 90.83100866245779,
        "INACTIVE": 9.118273254533442,
        "INVALID": 0.07863401482812851,
        "MALICIOUS": 0,
        "SANE": 0,
        "VALID": 0,
        "total": 100.02791593181935
    }
}