{
    "counter": {
        "ACTIVE": 12043,
        "INACTIVE": 1190,
        "INVALID": 7,
        "MALICIOUS": 0,
        "SANE": 0,
        "VALID": 0,
        "total": 13240
    },
    "percentage": {
        "ACTIVE": 90.95921450151057,
        "INACTIVE": 9.006963366636391,
        "INVALID": 0.07863401482812851,
        "MALICIOUS": 0,
        "SANE": 0,
        "VALID": 0,
        "total": 100.04481188297508
    }
}