{
    "counter": {
        "ACTIVE": 8485,
        "INACTIVE": 517,
        "INVALID": 7,
        "MALICIOUS": 0,
        "SANE": 0,
        "VALID": 0,
        "total": 9009
    },
    "percentage": {
        "ACTIVE": 94.18359418359418,
        "INACTIVE": 5.746359897743693,
        "INVALID": 0.07863401482812851,
        "MALICIOUS": 0,
        "SANE": 0,
        "VALID": 0,
        "total": 100.008588096166
    }
}