{
    "counter": {
        "ACTIVE": 12245,
        "INACTIVE": 1224,
        "INVALID": 7,
        "MALICIOUS": 0,
        "SANE": 0,
        "VALID": 0,
        "total": 13476
    },
    "percentage": {
        "ACTIVE": 90.87872940477958,
        "INACTIVE": 9.082813891362422,
        "INVALID": 0.07863401482812851,
        "MALICIOUS": 0,
        "SANE": 0,
        "VALID": 0,
        "total": 100.04017731097012
    }
}