{
    "counter": {
        "ACTIVE": 12466,
        "INACTIVE": 1266,
        "INVALID": 7,
        "MALICIOUS": 0,
        "SANE": 0,
        "VALID": 0,
        "total": 13739
    },
    "percentage": {
        "ACTIVE": 90.7410103362935,
        "INACTIVE": 9.21464444282699,
        "INVALID": 0.07863401482812851,
        "MALICIOUS": 0,
        "SANE": 0,
        "VALID": 0,
        "total": 100.03428879394862
    }
}