{
    "counter": {
        "ACTIVE": 13372,
        "INACTIVE": 1408,
        "INVALID": 7,
        "MALICIOUS": 0,
        "SANE": 0,
        "VALID": 0,
        "total": 14787
    },
    "percentage": {
        "ACTIVE": 90.43078379657807,
        "INACTIVE": 9.523165370307744,
        "INVALID": 0.07863401482812851,
        "MALICIOUS": 0,
        "SANE": 0,
        "VALID": 0,
        "total": 100.03258318171395
    }
}