{
    "counter": {
        "ACTIVE": 13878,
        "INACTIVE": 1436,
        "INVALID": 7,
        "MALICIOUS": 0,
        "SANE": 0,
        "VALID": 0,
        "total": 15321
    },
    "percentage": {
        "ACTIVE": 90.5815547288036,
        "INACTIVE": 9.389916955469824,
        "INVALID": 0.07863401482812851,
        "MALICIOUS": 0,
        "SANE": 0,
        "VALID": 0,
        "total": 100.05010569910155
    }
}