{
    "counter": {
        "ACTIVE": 12587,
        "INACTIVE": 1296,
        "INVALID": 7,
        "MALICIOUS": 0,
        "SANE": 0,
        "VALID": 0,
        "total": 13890
    },
    "percentage": {
        "ACTIVE": 90.63872686685389,
        "INACTIVE": 9.330453563714903,
        "INVALID": 0.07863401482812851,
        "MALICIOUS": 0,
        "SANE": 0,
        "VALID": 0,
        "total": 100.04781444539691
    }
}