{
    "counter": {
        "ACTIVE": 14301,
        "INACTIVE": 1448,
        "INVALID": 7,
        "MALICIOUS": 0,
        "SANE": 0,
        "VALID": 0,
        "total": 15756
    },
    "percentage": {
        "ACTIVE": 90.76542269611576,
        "INACTIVE": 9.190733100602984,
        "INVALID": 0.07863401482812851,
        "MALICIOUS": 0,
        "SANE": 0,
        "VALID": 0,
        "total": 100.03478981154687
    }
}