{
    "counter": {
        "ACTIVE": 9765,
        "INACTIVE": 827,
        "INVALID": 7,
        "MALICIOUS": 0,
        "SANE": 0,
        "VALID": 0,
        "total": 10599
    },
    "percentage": {
        "ACTIVE": 92.14002642007927,
        "INACTIVE": 7.802622888951788,
        "INVALID": 0.07863401482812851,
        "MALICIOUS": 0,
        "SANE": 0,
        "VALID": 0,
        "total": 100.02128332385918
    }
}