{
    "counter": {
        "ACTIVE": 15952,
        "INACTIVE": 1497,
        "INVALID": 7,
        "MALICIOUS": 0,
        "SANE": 0,
        "VALID": 0,
        "total": 17456
    },
    "percentage": {
        "ACTIVE": 91.38405132905591,
        "INACTIVE": 8.575847846012833,
        "INVALID": 0.040100824931255726,
        "MALICIOUS": 0.0,
        "SANE": 0.0,
        "VALID": 0.0,
        "total": 100.0
    }
}