{
    "counter": {
        "ACTIVE": 14493,
        "INACTIVE": 1451,
        "INVALID": 7,
        "MALICIOUS": 0,
        "SANE": 0,
        "VALID": 0,
        "total": 15951
    },
    "percentage": {
        "ACTIVE": 90.85950724092534,
        "INACTIVE": 9.131529263687854,
        "INVALID": 0.07863401482812851,
        "MALICIOUS": 0,
        "SANE": 0,
        "VALID": 0,
        "total": 100.06967051944132
    }
}