{
    "counter": {
        "ACTIVE": 12414,
        "INACTIVE": 1247,
        "INVALID": 7,
        "MALICIOUS": 0,
        "SANE": 0,
        "VALID": 0,
        "total": 13668
    },
    "percentage": {
        "ACTIVE": 90.8252853380158,
        "INACTIVE": 9.139548519495749,
        "INVALID": 0.07863401482812851,
        "MALICIOUS": 0,
        "SANE": 0,
        "VALID": 0,
        "total": 100.04346787233968
    }
}