{
    "counter": {
        "ACTIVE": 10725,
        "INACTIVE": 965,
        "INVALID": 7,
        "MALICIOUS": 0,
        "SANE": 0,
        "VALID": 0,
        "total": 11697
    },
    "percentage": {
        "ACTIVE": 91.69017696845344,
        "INACTIVE": 8.266940803563779,
        "INVALID": 0.07863401482812851,
        "MALICIOUS": 0,
        "SANE": 0,
        "VALID": 0,
        "total": 100.03575178684535
    }
}