{
    "counter": {
        "ACTIVE": 13849,
        "INACTIVE": 1435,
        "INVALID": 7,
        "MALICIOUS": 0,
        "SANE": 0,
        "VALID": 0,
        "total": 15291
    },
    "percentage": {
        "ACTIVE": 90.56961611405401,
        "INACTIVE": 9.444517572726076,
        "INVALID": 0.07863401482812851,
        "MALICIOUS": 0,
        "SANE": 0,
        "VALID": 0,
        "total": 100.09276770160821
    }
}