{
    "counter": {
        "ACTIVE": 8337,
        "INACTIVE": 479,
        "INVALID": 6,
        "MALICIOUS": 0,
        "SANE": 0,
        "VALID": 0,
        "total": 8822
    },
    "percentage": {
        "ACTIVE": 94.50238041260485,
        "INACTIVE": 5.4339194554736245,
        "INVALID": 1.0050251256281406,
        "MALICIOUS": 0,
        "SANE": 0,
        "VALID": 0,
        "total": 100.94132499370662
    }
}