{
    "counter": {
        "ACTIVE": 12615,
        "INACTIVE": 1308,
        "INVALID": 7,
        "MALICIOUS": 0,
        "SANE": 0,
        "VALID": 0,
        "total": 13930
    },
    "percentage": {
        "ACTIVE": 90.55994256999283,
        "INACTIVE": 9.39385234128124,
        "INVALID": 0.07863401482812851,
        "MALICIOUS": 0,
        "SANE": 0,
        "VALID": 0,
        "total": 100.0324289261022
    }
}