{
    "counter": {
        "ACTIVE": 12849,
        "INACTIVE": 1349,
        "INVALID": 7,
        "MALICIOUS": 0,
        "SANE": 0,
        "VALID": 0,
        "total": 14205
    },
    "percentage": {
        "ACTIVE": 90.46043368065334,
        "INACTIVE": 9.496656107004576,
        "INVALID": 0.07863401482812851,
        "MALICIOUS": 0,
        "SANE": 0,
        "VALID": 0,
        "total": 100.03572380248603
    }
}