{
    "counter": {
        "ACTIVE": 12720,
        "INACTIVE": 1330,
        "INVALID": 7,
        "MALICIOUS": 0,
        "SANE": 0,
        "VALID": 0,
        "total": 14057
    },
    "percentage": {
        "ACTIVE": 90.49516220830962,
        "INACTIVE": 9.46147826705556,
        "INVALID": 0.07863401482812851,
        "MALICIOUS": 0,
        "SANE": 0,
        "VALID": 0,
        "total": 100.0352744901933
    }
}