{
    "counter": {
        "ACTIVE": 9683,
        "INACTIVE": 817,
        "INVALID": 7,
        "MALICIOUS": 0,
        "SANE": 0,
        "VALID": 0,
        "total": 10507
    },
    "percentage": {
        "ACTIVE": 92.15760921290568,
        "INACTIVE": 7.778729886699038,
        "INVALID": 0.07863401482812851,
        "MALICIOUS": 0,
        "SANE": 0,
        "VALID": 0,
        "total": 100.01497311443285
    }
}