{
    "counter": {
        "ACTIVE": 13708,
        "INACTIVE": 1429,
        "INVALID": 7,
        "MALICIOUS": 0,
        "SANE": 0,
        "VALID": 0,
        "total": 15144
    },
    "percentage": {
        "ACTIVE": 90.51769677760169,
        "INACTIVE": 9.440443945299597,
        "INVALID": 0.07863401482812851,
        "MALICIOUS": 0,
        "SANE": 0,
        "VALID": 0,
        "total": 100.0367747377294
    }
}