{
    "counter": {
        "ACTIVE": 15564,
        "INACTIVE": 1481,
        "INVALID": 7,
        "MALICIOUS": 0,
        "SANE": 0,
        "VALID": 0,
        "total": 17052
    },
    "percentage": {
        "ACTIVE": 91.27375087966222,
        "INACTIVE": 8.687745644394909,
        "INVALID": 0.07863401482812851,
        "MALICIOUS": 0,
        "SANE": 0,
        "VALID": 0,
        "total": 100.04013053888525
    }
}