{
    "counter": {
        "ACTIVE": 12578,
        "INACTIVE": 1288,
        "INVALID": 7,
        "MALICIOUS": 0,
        "SANE": 0,
        "VALID": 0,
        "total": 13873
    },
    "percentage": {
        "ACTIVE": 90.66532112736971,
        "INACTIVE": 9.289578074287775,
        "INVALID": 0.07863401482812851,
        "MALICIOUS": 0,
        "SANE": 0,
        "VALID": 0,
        "total": 100.03353321648561
    }
}