{
    "counter": {
        "ACTIVE": 14303,
        "INACTIVE": 1448,
        "INVALID": 7,
        "MALICIOUS": 0,
        "SANE": 0,
        "VALID": 0,
        "total": 15758
    },
    "percentage": {
        "ACTIVE": 90.76659474552608,
        "INACTIVE": 9.190733100602984,
        "INVALID": 0.07863401482812851,
        "MALICIOUS": 0,
        "SANE": 0,
        "VALID": 0,
        "total": 100.03596186095719
    }
}