{
    "counter": {
        "ACTIVE": 13681,
        "INACTIVE": 1427,
        "INVALID": 7,
        "MALICIOUS": 0,
        "SANE": 0,
        "VALID": 0,
        "total": 15115
    },
    "percentage": {
        "ACTIVE": 90.51273569302018,
        "INACTIVE": 9.441577345507476,
        "INVALID": 0.07863401482812851,
        "MALICIOUS": 0,
        "SANE": 0,
        "VALID": 0,
        "total": 100.03294705335578
    }
}