{
    "counter": {
        "ACTIVE": 11610,
        "INACTIVE": 1065,
        "INVALID": 7,
        "MALICIOUS": 0,
        "SANE": 0,
        "VALID": 0,
        "total": 12682
    },
    "percentage": {
        "ACTIVE": 91.54707459391263,
        "INACTIVE": 8.400378608613346,
        "INVALID": 0.07863401482812851,
        "MALICIOUS": 0,
        "SANE": 0,
        "VALID": 0,
        "total": 100.0260872173541
    }
}