{
    "counter": {
        "ACTIVE": 9790,
        "INACTIVE": 829,
        "INVALID": 7,
        "MALICIOUS": 0,
        "SANE": 0,
        "VALID": 0,
        "total": 10626
    },
    "percentage": {
        "ACTIVE": 92.13250517598344,
        "INACTIVE": 7.8030873493975905,
        "INVALID": 0.07863401482812851,
        "MALICIOUS": 0,
        "SANE": 0,
        "VALID": 0,
        "total": 100.01422654020915
    }
}