{
    "counter": {
        "ACTIVE": 9025,
        "INACTIVE": 618,
        "INVALID": 7,
        "MALICIOUS": 0,
        "SANE": 0,
        "VALID": 0,
        "total": 9650
    },
    "percentage": {
        "ACTIVE": 93.52331606217616,
        "INACTIVE": 6.404808788475489,
        "INVALID": 0.07863401482812851,
        "MALICIOUS": 0,
        "SANE": 0,
        "VALID": 0,
        "total": 100.00675886547978
    }
}