{
    "counter": {
        "ACTIVE": 10697,
        "INACTIVE": 963,
        "INVALID": 7,
        "MALICIOUS": 0,
        "SANE": 0,
        "VALID": 0,
        "total": 11667
    },
    "percentage": {
        "ACTIVE": 91.68595182994771,
        "INACTIVE": 8.255465066438063,
        "INVALID": 0.07863401482812851,
        "MALICIOUS": 0,
        "SANE": 0,
        "VALID": 0,
        "total": 100.0200509112139
    }
}