{
    "counter": {
        "ACTIVE": 16065,
        "INACTIVE": 1507,
        "INVALID": 7,
        "MALICIOUS": 0,
        "SANE": 0,
        "VALID": 0,
        "total": 17579
    },
    "percentage": {
        "ACTIVE": 91.38745093577565,
        "INACTIVE": 8.572728824165198,
        "INVALID": 0.0398202400591615,
        "MALICIOUS": 0.0,
        "SANE": 0.0,
        "VALID": 0.0,
        "total": 100.0
    }
}