{
    "counter": {
        "ACTIVE": 15947,
        "INACTIVE": 1497,
        "INVALID": 7,
        "MALICIOUS": 0,
        "SANE": 0,
        "VALID": 0,
        "total": 17451
    },
    "percentage": {
        "ACTIVE": 91.38158271732279,
        "INACTIVE": 8.578304968196665,
        "INVALID": 0.04011231448054553,
        "MALICIOUS": 0.0,
        "SANE": 0.0,
        "VALID": 0.0,
        "total": 100.0
    }
}