{
    "counter": {
        "ACTIVE": 12785,
        "INACTIVE": 1338,
        "INVALID": 7,
        "MALICIOUS": 0,
        "SANE": 0,
        "VALID": 0,
        "total": 14130
    },
    "percentage": {
        "ACTIVE": 90.48124557678697,
        "INACTIVE": 9.48196442491673,
        "INVALID": 0.07863401482812851,
        "MALICIOUS": 0,
        "SANE": 0,
        "VALID": 0,
        "total": 100.04184401653183
    }
}