{
    "counter": {
        "ACTIVE": 11727,
        "INACTIVE": 1081,
        "INVALID": 7,
        "MALICIOUS": 0,
        "SANE": 0,
        "VALID": 0,
        "total": 12815
    },
    "percentage": {
        "ACTIVE": 91.50994927818962,
        "INACTIVE": 8.44993355741421,
        "INVALID": 0.07863401482812851,
        "MALICIOUS": 0,
        "SANE": 0,
        "VALID": 0,
        "total": 100.03851685043196
    }
}