{
    "counter": {
        "ACTIVE": 14511,
        "INACTIVE": 1453,
        "INVALID": 7,
        "MALICIOUS": 0,
        "SANE": 0,
        "VALID": 0,
        "total": 15971
    },
    "percentage": {
        "ACTIVE": 90.85843090601716,
        "INACTIVE": 9.102299066591494,
        "INVALID": 0.07863401482812851,
        "MALICIOUS": 0,
        "SANE": 0,
        "VALID": 0,
        "total": 100.03936398743679
    }
}