{
    "counter": {
        "ACTIVE": 13104,
        "INACTIVE": 1391,
        "INVALID": 7,
        "MALICIOUS": 0,
        "SANE": 0,
        "VALID": 0,
        "total": 14502
    },
    "percentage": {
        "ACTIVE": 90.35995035167564,
        "INACTIVE": 9.594426817492067,
        "INVALID": 0.07863401482812851,
        "MALICIOUS": 0,
        "SANE": 0,
        "VALID": 0,
        "total": 100.03301118399582
    }
}