{
    "counter": {
        "ACTIVE": 12618,
        "INACTIVE": 1309,
        "INVALID": 7,
        "MALICIOUS": 0,
        "SANE": 0,
        "VALID": 0,
        "total": 13934
    },
    "percentage": {
        "ACTIVE": 90.56197516687003,
        "INACTIVE": 9.394287354672025,
        "INVALID": 0.07863401482812851,
        "MALICIOUS": 0,
        "SANE": 0,
        "VALID": 0,
        "total": 100.03489653637018
    }
}