{
    "counter": {
        "ACTIVE": 9692,
        "INACTIVE": 817,
        "INVALID": 7,
        "MALICIOUS": 0,
        "SANE": 0,
        "VALID": 0,
        "total": 10516
    },
    "percentage": {
        "ACTIVE": 92.16432103461392,
        "INACTIVE": 7.778729886699038,
        "INVALID": 0.07863401482812851,
        "MALICIOUS": 0,
        "SANE": 0,
        "VALID": 0,
        "total": 100.02168493614109
    }
}