{
    "counter": {
        "ACTIVE": 14705,
        "INACTIVE": 1456,
        "INVALID": 7,
        "MALICIOUS": 0,
        "SANE": 0,
        "VALID": 0,
        "total": 16168
    },
    "percentage": {
        "ACTIVE": 90.95126175160811,
        "INACTIVE": 9.040109276046193,
        "INVALID": 0.07863401482812851,
        "MALICIOUS": 0,
        "SANE": 0,
        "VALID": 0,
        "total": 100.07000504248244
    }
}