{
    "counter": {
        "ACTIVE": 10693,
        "INACTIVE": 962,
        "INVALID": 7,
        "MALICIOUS": 0,
        "SANE": 0,
        "VALID": 0,
        "total": 11662
    },
    "percentage": {
        "ACTIVE": 91.6988251436412,
        "INACTIVE": 8.249013891270794,
        "INVALID": 0.07863401482812851,
        "MALICIOUS": 0,
        "SANE": 0,
        "VALID": 0,
        "total": 100.02647304974012
    }
}