{
    "counter": {
        "ACTIVE": 14724,
        "INACTIVE": 1457,
        "INVALID": 7,
        "MALICIOUS": 0,
        "SANE": 0,
        "VALID": 0,
        "total": 16188
    },
    "percentage": {
        "ACTIVE": 90.95626389918458,
        "INACTIVE": 9.010513296227582,
        "INVALID": 0.07863401482812851,
        "MALICIOUS": 0,
        "SANE": 0,
        "VALID": 0,
        "total": 100.04541121024029
    }
}