{
    "counter": {
        "ACTIVE": 14560,
        "INACTIVE": 1453,
        "INVALID": 7,
        "MALICIOUS": 0,
        "SANE": 0,
        "VALID": 0,
        "total": 16020
    },
    "percentage": {
        "ACTIVE": 90.88639200998752,
        "INACTIVE": 9.102299066591494,
        "INVALID": 0.07863401482812851,
        "MALICIOUS": 0,
        "SANE": 0,
        "VALID": 0,
        "total": 100.06732509140714
    }
}