{
    "counter": {
        "ACTIVE": 13980,
        "INACTIVE": 1440,
        "INVALID": 7,
        "MALICIOUS": 0,
        "SANE": 0,
        "VALID": 0,
        "total": 15427
    },
    "percentage": {
        "ACTIVE": 90.6203409606534,
        "INACTIVE": 9.3713393205779,
        "INVALID": 0.07863401482812851,
        "MALICIOUS": 0,
        "SANE": 0,
        "VALID": 0,
        "total": 100.07031429605942
    }
}