{
    "counter": {
        "ACTIVE": 9781,
        "INACTIVE": 828,
        "INVALID": 7,
        "MALICIOUS": 0,
        "SANE": 0,
        "VALID": 0,
        "total": 10616
    },
    "percentage": {
        "ACTIVE": 92.1345139412208,
        "INACTIVE": 7.8032230703986425,
        "INVALID": 0.07863401482812851,
        "MALICIOUS": 0,
        "SANE": 0,
        "VALID": 0,
        "total": 100.01637102644757
    }
}