{
    "counter": {
        "ACTIVE": 11652,
        "INACTIVE": 1069,
        "INVALID": 7,
        "MALICIOUS": 0,
        "SANE": 0,
        "VALID": 0,
        "total": 12728
    },
    "percentage": {
        "ACTIVE": 91.54619736015084,
        "INACTIVE": 8.406070614138555,
        "INVALID": 0.07863401482812851,
        "MALICIOUS": 0,
        "SANE": 0,
        "VALID": 0,
        "total": 100.03090198911752
    }
}