{
    "counter": {
        "ACTIVE": 15631,
        "INACTIVE": 1485,
        "INVALID": 7,
        "MALICIOUS": 0,
        "SANE": 0,
        "VALID": 0,
        "total": 17123
    },
    "percentage": {
        "ACTIVE": 91.28657361443672,
        "INACTIVE": 8.685226342262252,
        "INVALID": 0.07863401482812851,
        "MALICIOUS": 0,
        "SANE": 0,
        "VALID": 0,
        "total": 100.0504339715271
    }
}