{
    "counter": {
        "ACTIVE": 13987,
        "INACTIVE": 1440,
        "INVALID": 7,
        "MALICIOUS": 0,
        "SANE": 0,
        "VALID": 0,
        "total": 15434
    },
    "percentage": {
        "ACTIVE": 90.62459504988985,
        "INACTIVE": 9.3713393205779,
        "INVALID": 0.07863401482812851,
        "MALICIOUS": 0,
        "SANE": 0,
        "VALID": 0,
        "total": 100.07456838529588
    }
}