{
    "counter": {
        "ACTIVE": 15897,
        "INACTIVE": 1493,
        "INVALID": 7,
        "MALICIOUS": 0,
        "SANE": 0,
        "VALID": 0,
        "total": 17397
    },
    "percentage": {
        "ACTIVE": 91.37782376271771,
        "INACTIVE": 8.608660554690653,
        "INVALID": 0.07863401482812851,
        "MALICIOUS": 0,
        "SANE": 0,
        "VALID": 0,
        "total": 100.0651183322365
    }
}