{
    "counter": {
        "ACTIVE": 9749,
        "INACTIVE": 825,
        "INVALID": 7,
        "MALICIOUS": 0,
        "SANE": 0,
        "VALID": 0,
        "total": 10581
    },
    "percentage": {
        "ACTIVE": 92.1368490690861,
        "INACTIVE": 7.807324690072869,
        "INVALID": 0.07863401482812851,
        "MALICIOUS": 0,
        "SANE": 0,
        "VALID": 0,
        "total": 100.0228077739871
    }
}