{
    "counter": {
        "ACTIVE": 12911,
        "INACTIVE": 1361,
        "INVALID": 7,
        "MALICIOUS": 0,
        "SANE": 0,
        "VALID": 0,
        "total": 14279
    },
    "percentage": {
        "ACTIVE": 90.41949716366692,
        "INACTIVE": 9.532815017160468,
        "INVALID": 0.07863401482812851,
        "MALICIOUS": 0,
        "SANE": 0,
        "VALID": 0,
        "total": 100.03094619565552
    }
}