{
    "counter": {
        "ACTIVE": 10320,
        "INACTIVE": 941,
        "INVALID": 7,
        "MALICIOUS": 0,
        "SANE": 0,
        "VALID": 0,
        "total": 11268
    },
    "percentage": {
        "ACTIVE": 91.59492322712346,
        "INACTIVE": 8.351082712105077,
        "INVALID": 0.07863401482812851,
        "MALICIOUS": 0,
        "SANE": 0,
        "VALID": 0,
        "total": 100.02463995405667
    }
}