{
    "counter": {
        "ACTIVE": 13726,
        "INACTIVE": 1431,
        "INVALID": 7,
        "MALICIOUS": 0,
        "SANE": 0,
        "VALID": 0,
        "total": 15164
    },
    "percentage": {
        "ACTIVE": 90.51701398048009,
        "INACTIVE": 9.442428241504453,
        "INVALID": 0.07863401482812851,
        "MALICIOUS": 0,
        "SANE": 0,
        "VALID": 0,
        "total": 100.03807623681267
    }
}