{
    "counter": {
        "ACTIVE": 15201,
        "INACTIVE": 1465,
        "INVALID": 7,
        "MALICIOUS": 0,
        "SANE": 0,
        "VALID": 0,
        "total": 16673
    },
    "percentage": {
        "ACTIVE": 91.17135488514364,
        "INACTIVE": 8.807262233978598,
        "INVALID": 0.07863401482812851,
        "MALICIOUS": 0,
        "SANE": 0,
        "VALID": 0,
        "total": 100.05725113395037
    }
}