{
    "counter": {
        "ACTIVE": 14608,
        "INACTIVE": 1454,
        "INVALID": 7,
        "MALICIOUS": 0,
        "SANE": 0,
        "VALID": 0,
        "total": 16069
    },
    "percentage": {
        "ACTIVE": 90.90795942497978,
        "INACTIVE": 9.05073140367258,
        "INVALID": 0.07863401482812851,
        "MALICIOUS": 0,
        "SANE": 0,
        "VALID": 0,
        "total": 100.03732484348049
    }
}