{
    "counter": {
        "ACTIVE": 12999,
        "INACTIVE": 1372,
        "INVALID": 7,
        "MALICIOUS": 0,
        "SANE": 0,
        "VALID": 0,
        "total": 14378
    },
    "percentage": {
        "ACTIVE": 90.40895813047712,
        "INACTIVE": 9.544347826086957,
        "INVALID": 0.07863401482812851,
        "MALICIOUS": 0,
        "SANE": 0,
        "VALID": 0,
        "total": 100.0319399713922
    }
}