{
    "counter": {
        "ACTIVE": 11852,
        "INACTIVE": 1149,
        "INVALID": 7,
        "MALICIOUS": 0,
        "SANE": 0,
        "VALID": 0,
        "total": 13008
    },
    "percentage": {
        "ACTIVE": 91.11316113161132,
        "INACTIVE": 8.834384130401354,
        "INVALID": 0.07863401482812851,
        "MALICIOUS": 0,
        "SANE": 0,
        "VALID": 0,
        "total": 100.02617927684081
    }
}