{
    "counter": {
        "ACTIVE": 13627,
        "INACTIVE": 1425,
        "INVALID": 7,
        "MALICIOUS": 0,
        "SANE": 0,
        "VALID": 0,
        "total": 15059
    },
    "percentage": {
        "ACTIVE": 90.49073643668238,
        "INACTIVE": 9.465293922284955,
        "INVALID": 0.07863401482812851,
        "MALICIOUS": 0,
        "SANE": 0,
        "VALID": 0,
        "total": 100.03466437379547
    }
}