{
    "counter": {
        "ACTIVE": 14649,
        "INACTIVE": 1456,
        "INVALID": 7,
        "MALICIOUS": 0,
        "SANE": 0,
        "VALID": 0,
        "total": 16112
    },
    "percentage": {
        "ACTIVE": 90.91981132075472,
        "INACTIVE": 9.040109276046193,
        "INVALID": 0.07863401482812851,
        "MALICIOUS": 0,
        "SANE": 0,
        "VALID": 0,
        "total": 100.03855461162904
    }
}