{
    "counter": {
        "ACTIVE": 15694,
        "INACTIVE": 1488,
        "INVALID": 7,
        "MALICIOUS": 0,
        "SANE": 0,
        "VALID": 0,
        "total": 17189
    },
    "percentage": {
        "ACTIVE": 91.3025772296236,
        "INACTIVE": 8.665773688195213,
        "INVALID": 0.07863401482812851,
        "MALICIOUS": 0,
        "SANE": 0,
        "VALID": 0,
        "total": 100.04698493264694
    }
}