{
    "counter": {
        "ACTIVE": 11590,
        "INACTIVE": 1059,
        "INVALID": 7,
        "MALICIOUS": 0,
        "SANE": 0,
        "VALID": 0,
        "total": 12656
    },
    "percentage": {
        "ACTIVE": 91.5771175726928,
        "INACTIVE": 8.430857415810843,
        "INVALID": 0.07863401482812851,
        "MALICIOUS": 0,
        "SANE": 0,
        "VALID": 0,
        "total": 100.08660900333177
    }
}