{
    "counter": {
        "ACTIVE": 10318,
        "INACTIVE": 940,
        "INVALID": 7,
        "MALICIOUS": 0,
        "SANE": 0,
        "VALID": 0,
        "total": 11265
    },
    "percentage": {
        "ACTIVE": 91.59343098091433,
        "INACTIVE": 8.347393659532901,
        "INVALID": 0.07863401482812851,
        "MALICIOUS": 0,
        "SANE": 0,
        "VALID": 0,
        "total": 100.01945865527536
    }
}