{
    "counter": {
        "ACTIVE": 11816,
        "INACTIVE": 1088,
        "INVALID": 7,
        "MALICIOUS": 0,
        "SANE": 0,
        "VALID": 0,
        "total": 12911
    },
    "percentage": {
        "ACTIVE": 91.51885988691814,
        "INACTIVE": 8.428881313913852,
        "INVALID": 0.07863401482812851,
        "MALICIOUS": 0,
        "SANE": 0,
        "VALID": 0,
        "total": 100.02637521566011
    }
}