{
    "counter": {
        "ACTIVE": 16131,
        "INACTIVE": 1516,
        "INVALID": 7,
        "MALICIOUS": 0,
        "SANE": 0,
        "VALID": 0,
        "total": 17654
    },
    "percentage": {
        "ACTIVE": 91.37305992976096,
        "INACTIVE": 8.587288999660133,
        "INVALID": 0.03965107057890563,
        "MALICIOUS": 0.0,
        "SANE": 0.0,
        "VALID": 0.0,
        "total": 100.0
    }
}