{
    "counter": {
        "ACTIVE": 15803,
        "INACTIVE": 1490,
        "INVALID": 7,
        "MALICIOUS": 0,
        "SANE": 0,
        "VALID": 0,
        "total": 17300
    },
    "percentage": {
        "ACTIVE": 91.34682080924856,
        "INACTIVE": 8.613712567926928,
        "INVALID": 0.07863401482812851,
        "MALICIOUS": 0,
        "SANE": 0,
        "VALID": 0,
        "total": 100.0391673920036
    }
}