{
    "counter": {
        "ACTIVE": 8941,
        "INACTIVE": 608,
        "INVALID": 7,
        "MALICIOUS": 0,
        "SANE": 0,
        "VALID": 0,
        "total": 9556
    },
    "percentage": {
        "ACTIVE": 93.56425282544998,
        "INACTIVE": 6.3638266694578185,
        "INVALID": 0.07863401482812851,
        "MALICIOUS": 0,
        "SANE": 0,
        "VALID": 0,
        "total": 100.00671350973593
    }
}