{
    "counter": {
        "ACTIVE": 9513,
        "INACTIVE": 769,
        "INVALID": 7,
        "MALICIOUS": 0,
        "SANE": 0,
        "VALID": 0,
        "total": 10289
    },
    "percentage": {
        "ACTIVE": 92.45796481679463,
        "INACTIVE": 7.487099600817837,
        "INVALID": 0.07863401482812851,
        "MALICIOUS": 0,
        "SANE": 0,
        "VALID": 0,
        "total": 100.0236984324406
    }
}