{
    "counter": {
        "ACTIVE": 9801,
        "INACTIVE": 832,
        "INVALID": 7,
        "MALICIOUS": 0,
        "SANE": 0,
        "VALID": 0,
        "total": 10640
    },
    "percentage": {
        "ACTIVE": 92.11466165413533,
        "INACTIVE": 7.823960880195599,
        "INVALID": 0.07863401482812851,
        "MALICIOUS": 0,
        "SANE": 0,
        "VALID": 0,
        "total": 100.01725654915906
    }
}