{
    "counter": {
        "ACTIVE": 12606,
        "INACTIVE": 1305,
        "INVALID": 7,
        "MALICIOUS": 0,
        "SANE": 0,
        "VALID": 0,
        "total": 13918
    },
    "percentage": {
        "ACTIVE": 90.5733582411266,
        "INACTIVE": 9.37702090967881,
        "INVALID": 0.07863401482812851,
        "MALICIOUS": 0,
        "SANE": 0,
        "VALID": 0,
        "total": 100.02901316563353
    }
}