{
    "counter": {
        "ACTIVE": 14998,
        "INACTIVE": 1461,
        "INVALID": 7,
        "MALICIOUS": 0,
        "SANE": 0,
        "VALID": 0,
        "total": 16466
    },
    "percentage": {
        "ACTIVE": 91.08465929794728,
        "INACTIVE": 8.879839542940497,
        "INVALID": 0.07863401482812851,
        "MALICIOUS": 0,
        "SANE": 0,
        "VALID": 0,
        "total": 100.04313285571591
    }
}