{
    "counter": {
        "ACTIVE": 15444,
        "INACTIVE": 1476,
        "INVALID": 7,
        "MALICIOUS": 0,
        "SANE": 0,
        "VALID": 0,
        "total": 16927
    },
    "percentage": {
        "ACTIVE": 91.23884917587287,
        "INACTIVE": 8.727014722402885,
        "INVALID": 0.07863401482812851,
        "MALICIOUS": 0,
        "SANE": 0,
        "VALID": 0,
        "total": 100.04449791310388
    }
}