{
    "counter": {
        "ACTIVE": 14063,
        "INACTIVE": 1441,
        "INVALID": 7,
        "MALICIOUS": 0,
        "SANE": 0,
        "VALID": 0,
        "total": 15511
    },
    "percentage": {
        "ACTIVE": 90.66468957514023,
        "INACTIVE": 9.334715294422491,
        "INVALID": 0.07863401482812851,
        "MALICIOUS": 0,
        "SANE": 0,
        "VALID": 0,
        "total": 100.07803888439085
    }
}