{
    "counter": {
        "ACTIVE": 16227,
        "INACTIVE": 1519,
        "INVALID": 7,
        "MALICIOUS": 0,
        "SANE": 0,
        "VALID": 0,
        "total": 17753
    },
    "percentage": {
        "ACTIVE": 91.40426970089563,
        "INACTIVE": 8.556300343603898,
        "INVALID": 0.03942995550047879,
        "MALICIOUS": 0.0,
        "SANE": 0.0,
        "VALID": 0.0,
        "total": 100.0
    }
}