{
    "counter": {
        "ACTIVE": 9815,
        "INACTIVE": 834,
        "INVALID": 7,
        "MALICIOUS": 0,
        "SANE": 0,
        "VALID": 0,
        "total": 10656
    },
    "percentage": {
        "ACTIVE": 92.11637728765838,
        "INACTIVE": 7.826576576576577,
        "INVALID": 0.07863401482812851,
        "MALICIOUS": 0,
        "SANE": 0,
        "VALID": 0,
        "total": 100.02158787906308
    }
}