{
    "counter": {
        "ACTIVE": 12735,
        "INACTIVE": 1332,
        "INVALID": 7,
        "MALICIOUS": 0,
        "SANE": 0,
        "VALID": 0,
        "total": 14074
    },
    "percentage": {
        "ACTIVE": 90.4860025579082,
        "INACTIVE": 9.467623853863103,
        "INVALID": 0.07863401482812851,
        "MALICIOUS": 0,
        "SANE": 0,
        "VALID": 0,
        "total": 100.03226042659942
    }
}