{
    "counter": {
        "ACTIVE": 11045,
        "INACTIVE": 1029,
        "INVALID": 7,
        "MALICIOUS": 0,
        "SANE": 0,
        "VALID": 0,
        "total": 12081
    },
    "percentage": {
        "ACTIVE": 91.42455094776922,
        "INACTIVE": 8.522444922974987,
        "INVALID": 0.07863401482812851,
        "MALICIOUS": 0,
        "SANE": 0,
        "VALID": 0,
        "total": 100.02562988557233
    }
}