{
    "counter": {
        "ACTIVE": 10017,
        "INACTIVE": 864,
        "INVALID": 7,
        "MALICIOUS": 0,
        "SANE": 0,
        "VALID": 0,
        "total": 10888
    },
    "percentage": {
        "ACTIVE": 92.00036737692872,
        "INACTIVE": 7.938257993384785,
        "INVALID": 0.07863401482812851,
        "MALICIOUS": 0,
        "SANE": 0,
        "VALID": 0,
        "total": 100.01725938514163
    }
}