{
    "counter": {
        "ACTIVE": 14624,
        "INACTIVE": 1454,
        "INVALID": 7,
        "MALICIOUS": 0,
        "SANE": 0,
        "VALID": 0,
        "total": 16085
    },
    "percentage": {
        "ACTIVE": 90.91700341933479,
        "INACTIVE": 9.05073140367258,
        "INVALID": 0.07863401482812851,
        "MALICIOUS": 0,
        "SANE": 0,
        "VALID": 0,
        "total": 100.0463688378355
    }
}