{
    "counter": {
        "ACTIVE": 13965,
        "INACTIVE": 1440,
        "INVALID": 7,
        "MALICIOUS": 0,
        "SANE": 0,
        "VALID": 0,
        "total": 15412
    },
    "percentage": {
        "ACTIVE": 90.61121204256423,
        "INACTIVE": 9.3713393205779,
        "INVALID": 0.07863401482812851,
        "MALICIOUS": 0,
        "SANE": 0,
        "VALID": 0,
        "total": 100.06118537797026
    }
}