{
    "counter": {
        "ACTIVE": 9779,
        "INACTIVE": 828,
        "INVALID": 7,
        "MALICIOUS": 0,
        "SANE": 0,
        "VALID": 0,
        "total": 10614
    },
    "percentage": {
        "ACTIVE": 92.13303184473337,
        "INACTIVE": 7.8032230703986425,
        "INVALID": 0.07863401482812851,
        "MALICIOUS": 0,
        "SANE": 0,
        "VALID": 0,
        "total": 100.01488892996014
    }
}