{
    "counter": {
        "ACTIVE": 12800,
        "INACTIVE": 1340,
        "INVALID": 7,
        "MALICIOUS": 0,
        "SANE": 0,
        "VALID": 0,
        "total": 14147
    },
    "percentage": {
        "ACTIVE": 90.47854668834381,
        "INACTIVE": 9.473312124425592,
        "INVALID": 0.07863401482812851,
        "MALICIOUS": 0,
        "SANE": 0,
        "VALID": 0,
        "total": 100.03049282759753
    }
}