{
    "counter": {
        "ACTIVE": 16250,
        "INACTIVE": 1519,
        "INVALID": 7,
        "MALICIOUS": 0,
        "SANE": 0,
        "VALID": 0,
        "total": 17776
    },
    "percentage": {
        "ACTIVE": 91.41539153915392,
        "INACTIVE": 8.545229522952296,
        "INVALID": 0.03937893789378938,
        "MALICIOUS": 0.0,
        "SANE": 0.0,
        "VALID": 0.0,
        "total": 100.0
    }
}