{
    "counter": {
        "ACTIVE": 9496,
        "INACTIVE": 769,
        "INVALID": 7,
        "MALICIOUS": 0,
        "SANE": 0,
        "VALID": 0,
        "total": 10272
    },
    "percentage": {
        "ACTIVE": 92.44548286604362,
        "INACTIVE": 7.487099600817837,
        "INVALID": 0.07863401482812851,
        "MALICIOUS": 0,
        "SANE": 0,
        "VALID": 0,
        "total": 100.01121648168959
    }
}