{
    "counter": {
        "ACTIVE": 8739,
        "INACTIVE": 567,
        "INVALID": 7,
        "MALICIOUS": 0,
        "SANE": 0,
        "VALID": 0,
        "total": 9313
    },
    "percentage": {
        "ACTIVE": 93.83657253301836,
        "INACTIVE": 6.091534164159863,
        "INVALID": 0.07863401482812851,
        "MALICIOUS": 0,
        "SANE": 0,
        "VALID": 0,
        "total": 100.00674071200635
    }
}