{
    "counter": {
        "ACTIVE": 12562,
        "INACTIVE": 1287,
        "INVALID": 7,
        "MALICIOUS": 0,
        "SANE": 0,
        "VALID": 0,
        "total": 13856
    },
    "percentage": {
        "ACTIVE": 90.66108545034642,
        "INACTIVE": 9.295774647887324,
        "INVALID": 0.07863401482812851,
        "MALICIOUS": 0,
        "SANE": 0,
        "VALID": 0,
        "total": 100.03549411306187
    }
}