{
    "counter": {
        "ACTIVE": 15525,
        "INACTIVE": 1480,
        "INVALID": 7,
        "MALICIOUS": 0,
        "SANE": 0,
        "VALID": 0,
        "total": 17012
    },
    "percentage": {
        "ACTIVE": 91.2591112156125,
        "INACTIVE": 8.70281077266847,
        "INVALID": 0.07863401482812851,
        "MALICIOUS": 0,
        "SANE": 0,
        "VALID": 0,
        "total": 100.0405560031091
    }
}