{
    "counter": {
        "ACTIVE": 13322,
        "INACTIVE": 1404,
        "INVALID": 7,
        "MALICIOUS": 0,
        "SANE": 0,
        "VALID": 0,
        "total": 14733
    },
    "percentage": {
        "ACTIVE": 90.42286024570691,
        "INACTIVE": 9.53415727285074,
        "INVALID": 0.07863401482812851,
        "MALICIOUS": 0,
        "SANE": 0,
        "VALID": 0,
        "total": 100.03565153338577
    }
}