{
    "counter": {
        "ACTIVE": 11037,
        "INACTIVE": 1028,
        "INVALID": 7,
        "MALICIOUS": 0,
        "SANE": 0,
        "VALID": 0,
        "total": 12072
    },
    "percentage": {
        "ACTIVE": 91.42644135188867,
        "INACTIVE": 8.521220159151193,
        "INVALID": 0.07863401482812851,
        "MALICIOUS": 0,
        "SANE": 0,
        "VALID": 0,
        "total": 100.026295525868
    }
}