{
    "counter": {
        "ACTIVE": 14327,
        "INACTIVE": 1450,
        "INVALID": 7,
        "MALICIOUS": 0,
        "SANE": 0,
        "VALID": 0,
        "total": 15784
    },
    "percentage": {
        "ACTIVE": 90.76913329954384,
        "INACTIVE": 9.193507481612984,
        "INVALID": 0.07863401482812851,
        "MALICIOUS": 0,
        "SANE": 0,
        "VALID": 0,
        "total": 100.04127479598495
    }
}