{
    "counter": {
        "ACTIVE": 10267,
        "INACTIVE": 934,
        "INVALID": 7,
        "MALICIOUS": 0,
        "SANE": 0,
        "VALID": 0,
        "total": 11208
    },
    "percentage": {
        "ACTIVE": 91.60421127765882,
        "INACTIVE": 8.337796821996072,
        "INVALID": 0.07863401482812851,
        "MALICIOUS": 0,
        "SANE": 0,
        "VALID": 0,
        "total": 100.02064211448301
    }
}