{
    "counter": {
        "ACTIVE": 16064,
        "INACTIVE": 1507,
        "INVALID": 7,
        "MALICIOUS": 0,
        "SANE": 0,
        "VALID": 0,
        "total": 17578
    },
    "percentage": {
        "ACTIVE": 91.38696097394471,
        "INACTIVE": 8.573216520650814,
        "INVALID": 0.03982250540448288,
        "MALICIOUS": 0.0,
        "SANE": 0.0,
        "VALID": 0.0,
        "total": 100.00000000000001
    }
}