{
    "counter": {
        "ACTIVE": 11973,
        "INACTIVE": 1180,
        "INVALID": 7,
        "MALICIOUS": 0,
        "SANE": 0,
        "VALID": 0,
        "total": 13160
    },
    "percentage": {
        "ACTIVE": 90.98024316109422,
        "INACTIVE": 8.97338403041825,
        "INVALID": 0.07863401482812851,
        "MALICIOUS": 0,
        "SANE": 0,
        "VALID": 0,
        "total": 100.03226120634059
    }
}