{
    "counter": {
        "ACTIVE": 13604,
        "INACTIVE": 1421,
        "INVALID": 7,
        "MALICIOUS": 0,
        "SANE": 0,
        "VALID": 0,
        "total": 15032
    },
    "percentage": {
        "ACTIVE": 90.5062870068525,
        "INACTIVE": 9.453166577967004,
        "INVALID": 0.07863401482812851,
        "MALICIOUS": 0,
        "SANE": 0,
        "VALID": 0,
        "total": 100.03808759964762
    }
}