{
    "counter": {
        "ACTIVE": 9720,
        "INACTIVE": 821,
        "INVALID": 7,
        "MALICIOUS": 0,
        "SANE": 0,
        "VALID": 0,
        "total": 10548
    },
    "percentage": {
        "ACTIVE": 92.15017064846417,
        "INACTIVE": 7.794550460457609,
        "INVALID": 0.07863401482812851,
        "MALICIOUS": 0,
        "SANE": 0,
        "VALID": 0,
        "total": 100.02335512374991
    }
}