{
    "counter": {
        "ACTIVE": 12836,
        "INACTIVE": 1344,
        "INVALID": 7,
        "MALICIOUS": 0,
        "SANE": 0,
        "VALID": 0,
        "total": 14187
    },
    "percentage": {
        "ACTIVE": 90.4771974342708,
        "INACTIVE": 9.491525423728813,
        "INVALID": 0.07863401482812851,
        "MALICIOUS": 0,
        "SANE": 0,
        "VALID": 0,
        "total": 100.04735687282775
    }
}