{
    "counter": {
        "ACTIVE": 14610,
        "INACTIVE": 1454,
        "INVALID": 7,
        "MALICIOUS": 0,
        "SANE": 0,
        "VALID": 0,
        "total": 16071
    },
    "percentage": {
        "ACTIVE": 90.9090909090909,
        "INACTIVE": 9.05073140367258,
        "INVALID": 0.07863401482812851,
        "MALICIOUS": 0,
        "SANE": 0,
        "VALID": 0,
        "total": 100.03845632759162
    }
}