{
    "counter": {
        "ACTIVE": 14703,
        "INACTIVE": 1456,
        "INVALID": 7,
        "MALICIOUS": 0,
        "SANE": 0,
        "VALID": 0,
        "total": 16166
    },
    "percentage": {
        "ACTIVE": 90.9501422739082,
        "INACTIVE": 9.040109276046193,
        "INVALID": 0.07863401482812851,
        "MALICIOUS": 0,
        "SANE": 0,
        "VALID": 0,
        "total": 100.06888556478252
    }
}