{
    "counter": {
        "ACTIVE": 13622,
        "INACTIVE": 1424,
        "INVALID": 7,
        "MALICIOUS": 0,
        "SANE": 0,
        "VALID": 0,
        "total": 15053
    },
    "percentage": {
        "ACTIVE": 90.49358931774397,
        "INACTIVE": 9.460536805740102,
        "INVALID": 0.07863401482812851,
        "MALICIOUS": 0,
        "SANE": 0,
        "VALID": 0,
        "total": 100.0327601383122
    }
}