{
    "counter": {
        "ACTIVE": 10668,
        "INACTIVE": 961,
        "INVALID": 7,
        "MALICIOUS": 0,
        "SANE": 0,
        "VALID": 0,
        "total": 11636
    },
    "percentage": {
        "ACTIVE": 91.68099003093846,
        "INACTIVE": 8.282340773937774,
        "INVALID": 0.07863401482812851,
        "MALICIOUS": 0,
        "SANE": 0,
        "VALID": 0,
        "total": 100.04196481970436
    }
}