{
    "counter": {
        "ACTIVE": 9084,
        "INACTIVE": 638,
        "INVALID": 7,
        "MALICIOUS": 0,
        "SANE": 0,
        "VALID": 0,
        "total": 9729
    },
    "percentage": {
        "ACTIVE": 93.37033610854148,
        "INACTIVE": 6.5590624036187934,
        "INVALID": 0.07863401482812851,
        "MALICIOUS": 0,
        "SANE": 0,
        "VALID": 0,
        "total": 100.0080325269884
    }
}