{
    "counter": {
        "ACTIVE": 12549,
        "INACTIVE": 1286,
        "INVALID": 7,
        "MALICIOUS": 0,
        "SANE": 0,
        "VALID": 0,
        "total": 13842
    },
    "percentage": {
        "ACTIVE": 90.65886432596446,
        "INACTIVE": 9.294593813240821,
        "INVALID": 0.07863401482812851,
        "MALICIOUS": 0,
        "SANE": 0,
        "VALID": 0,
        "total": 100.0320921540334
    }
}