{
    "counter": {
        "ACTIVE": 15696,
        "INACTIVE": 1488,
        "INVALID": 7,
        "MALICIOUS": 0,
        "SANE": 0,
        "VALID": 0,
        "total": 17191
    },
    "percentage": {
        "ACTIVE": 91.30358908731313,
        "INACTIVE": 8.665773688195213,
        "INVALID": 0.07863401482812851,
        "MALICIOUS": 0,
        "SANE": 0,
        "VALID": 0,
        "total": 100.04799679033647
    }
}