{
    "counter": {
        "ACTIVE": 15215,
        "INACTIVE": 1466,
        "INVALID": 7,
        "MALICIOUS": 0,
        "SANE": 0,
        "VALID": 0,
        "total": 16688
    },
    "percentage": {
        "ACTIVE": 91.17876191046923,
        "INACTIVE": 8.784755512943432,
        "INVALID": 0.07863401482812851,
        "MALICIOUS": 0,
        "SANE": 0,
        "VALID": 0,
        "total": 100.0421514382408
    }
}