{
    "counter": {
        "ACTIVE": 12935,
        "INACTIVE": 1365,
        "INVALID": 7,
        "MALICIOUS": 0,
        "SANE": 0,
        "VALID": 0,
        "total": 14307
    },
    "percentage": {
        "ACTIVE": 90.41028866988188,
        "INACTIVE": 9.541451139382078,
        "INVALID": 0.07863401482812851,
        "MALICIOUS": 0,
        "SANE": 0,
        "VALID": 0,
        "total": 100.03037382409208
    }
}