{
    "counter": {
        "ACTIVE": 10884,
        "INACTIVE": 1001,
        "INVALID": 7,
        "MALICIOUS": 0,
        "SANE": 0,
        "VALID": 0,
        "total": 11892
    },
    "percentage": {
        "ACTIVE": 91.53141031031873,
        "INACTIVE": 8.417423477968383,
        "INVALID": 0.07863401482812851,
        "MALICIOUS": 0,
        "SANE": 0,
        "VALID": 0,
        "total": 100.02746780311524
    }
}