{
    "counter": {
        "ACTIVE": 12329,
        "INACTIVE": 1237,
        "INVALID": 7,
        "MALICIOUS": 0,
        "SANE": 0,
        "VALID": 0,
        "total": 13573
    },
    "percentage": {
        "ACTIVE": 90.84143825523135,
        "INACTIVE": 9.113681573712517,
        "INVALID": 0.07863401482812851,
        "MALICIOUS": 0,
        "SANE": 0,
        "VALID": 0,
        "total": 100.03375384377199
    }
}