{
    "counter": {
        "ACTIVE": 12117,
        "INACTIVE": 1206,
        "INVALID": 7,
        "MALICIOUS": 0,
        "SANE": 0,
        "VALID": 0,
        "total": 13330
    },
    "percentage": {
        "ACTIVE": 90.90022505626406,
        "INACTIVE": 9.052694790571985,
        "INVALID": 0.07863401482812851,
        "MALICIOUS": 0,
        "SANE": 0,
        "VALID": 0,
        "total": 100.03155386166418
    }
}