{
    "counter": {
        "ACTIVE": 14503,
        "INACTIVE": 1452,
        "INVALID": 7,
        "MALICIOUS": 0,
        "SANE": 0,
        "VALID": 0,
        "total": 15962
    },
    "percentage": {
        "ACTIVE": 90.85954141085077,
        "INACTIVE": 9.101165851823994,
        "INVALID": 0.07863401482812851,
        "MALICIOUS": 0,
        "SANE": 0,
        "VALID": 0,
        "total": 100.03934127750288
    }
}