{
    "counter": {
        "ACTIVE": 15854,
        "INACTIVE": 1493,
        "INVALID": 7,
        "MALICIOUS": 0,
        "SANE": 0,
        "VALID": 0,
        "total": 17354
    },
    "percentage": {
        "ACTIVE": 91.35645960585455,
        "INACTIVE": 8.608660554690653,
        "INVALID": 0.07863401482812851,
        "MALICIOUS": 0,
        "SANE": 0,
        "VALID": 0,
        "total": 100.04375417537334
    }
}