{
    "counter": {
        "ACTIVE": 11353,
        "INACTIVE": 1039,
        "INVALID": 7,
        "MALICIOUS": 0,
        "SANE": 0,
        "VALID": 0,
        "total": 12399
    },
    "percentage": {
        "ACTIVE": 91.56383579320914,
        "INACTIVE": 8.384441575209813,
        "INVALID": 0.07863401482812851,
        "MALICIOUS": 0,
        "SANE": 0,
        "VALID": 0,
        "total": 100.02691138324708
    }
}