{
    "counter": {
        "ACTIVE": 15946,
        "INACTIVE": 1497,
        "INVALID": 7,
        "MALICIOUS": 0,
        "SANE": 0,
        "VALID": 0,
        "total": 17450
    },
    "percentage": {
        "ACTIVE": 91.3810888252149,
        "INACTIVE": 8.578796561604584,
        "INVALID": 0.04011461318051576,
        "MALICIOUS": 0.0,
        "SANE": 0.0,
        "VALID": 0.0,
        "total": 100.0
    }
}