{
    "counter": {
        "ACTIVE": 13591,
        "INACTIVE": 1419,
        "INVALID": 7,
        "MALICIOUS": 0,
        "SANE": 0,
        "VALID": 0,
        "total": 15017
    },
    "percentage": {
        "ACTIVE": 90.50409535859359,
        "INACTIVE": 9.455587392550143,
        "INVALID": 0.07863401482812851,
        "MALICIOUS": 0,
        "SANE": 0,
        "VALID": 0,
        "total": 100.03831676597186
    }
}