{
    "counter": {
        "ACTIVE": 9956,
        "INACTIVE": 846,
        "INVALID": 7,
        "MALICIOUS": 0,
        "SANE": 0,
        "VALID": 0,
        "total": 10809
    },
    "percentage": {
        "ACTIVE": 92.10842816171709,
        "INACTIVE": 7.8289838978345365,
        "INVALID": 0.07863401482812851,
        "MALICIOUS": 0,
        "SANE": 0,
        "VALID": 0,
        "total": 100.01604607437974
    }
}