{
    "counter": {
        "ACTIVE": 16057,
        "INACTIVE": 1507,
        "INVALID": 7,
        "MALICIOUS": 0,
        "SANE": 0,
        "VALID": 0,
        "total": 17571
    },
    "percentage": {
        "ACTIVE": 91.38352967958568,
        "INACTIVE": 8.576631950372773,
        "INVALID": 0.03983837004154573,
        "MALICIOUS": 0.0,
        "SANE": 0.0,
        "VALID": 0.0,
        "total": 100.0
    }
}