{
    "counter": {
        "ACTIVE": 15633,
        "INACTIVE": 1486,
        "INVALID": 7,
        "MALICIOUS": 0,
        "SANE": 0,
        "VALID": 0,
        "total": 17126
    },
    "percentage": {
        "ACTIVE": 91.28759124087591,
        "INACTIVE": 8.676865584491416,
        "INVALID": 0.07863401482812851,
        "MALICIOUS": 0,
        "SANE": 0,
        "VALID": 0,
        "total": 100.04309084019546
    }
}