{
    "counter": {
        "ACTIVE": 13682,
        "INACTIVE": 1427,
        "INVALID": 7,
        "MALICIOUS": 0,
        "SANE": 0,
        "VALID": 0,
        "total": 15116
    },
    "percentage": {
        "ACTIVE": 90.51336332363059,
        "INACTIVE": 9.441577345507476,
        "INVALID": 0.07863401482812851,
        "MALICIOUS": 0,
        "SANE": 0,
        "VALID": 0,
        "total": 100.0335746839662
    }
}