{
    "counter": {
        "ACTIVE": 4621,
        "INACTIVE": 51,
        "INVALID": 6,
        "MALICIOUS": 0,
        "SANE": 0,
        "VALID": 0,
        "total": 4678
    },
    "percentage": {
        "ACTIVE": 98.78153056861906,
        "INACTIVE": 1.1010362694300517,
        "INVALID": 1.0050251256281406,
        "MALICIOUS": 0,
        "SANE": 0,
        "VALID": 0,
        "total": 100.88759196367725
    }
}