{
    "counter": {
        "ACTIVE": 15948,
        "INACTIVE": 1497,
        "INVALID": 7,
        "MALICIOUS": 0,
        "SANE": 0,
        "VALID": 0,
        "total": 17452
    },
    "percentage": {
        "ACTIVE": 91.38207655283063,
        "INACTIVE": 8.577813431125373,
        "INVALID": 0.040110016044006415,
        "MALICIOUS": 0.0,
        "SANE": 0.0,
        "VALID": 0.0,
        "total": 100.00000000000001
    }
}