{
    "counter": {
        "ACTIVE": 11606,
        "INACTIVE": 1064,
        "INVALID": 7,
        "MALICIOUS": 0,
        "SANE": 0,
        "VALID": 0,
        "total": 12677
    },
    "percentage": {
        "ACTIVE": 91.55162893429045,
        "INACTIVE": 8.395802098950524,
        "INVALID": 0.07863401482812851,
        "MALICIOUS": 0,
        "SANE": 0,
        "VALID": 0,
        "total": 100.0260650480691
    }
}