{
    "counter": {
        "ACTIVE": 14612,
        "INACTIVE": 1454,
        "INVALID": 7,
        "MALICIOUS": 0,
        "SANE": 0,
        "VALID": 0,
        "total": 16073
    },
    "percentage": {
        "ACTIVE": 90.91022211161575,
        "INACTIVE": 9.05073140367258,
        "INVALID": 0.07863401482812851,
        "MALICIOUS": 0,
        "SANE": 0,
        "VALID": 0,
        "total": 100.03958753011646
    }
}