{
    "counter": {
        "ACTIVE": 11641,
        "INACTIVE": 1069,
        "INVALID": 7,
        "MALICIOUS": 0,
        "SANE": 0,
        "VALID": 0,
        "total": 12717
    },
    "percentage": {
        "ACTIVE": 91.55328352339757,
        "INACTIVE": 8.406070614138555,
        "INVALID": 0.07863401482812851,
        "MALICIOUS": 0,
        "SANE": 0,
        "VALID": 0,
        "total": 100.03798815236425
    }
}