{
    "counter": {
        "ACTIVE": 9945,
        "INACTIVE": 845,
        "INVALID": 7,
        "MALICIOUS": 0,
        "SANE": 0,
        "VALID": 0,
        "total": 10797
    },
    "percentage": {
        "ACTIVE": 92.10891914420672,
        "INACTIVE": 7.831325301204819,
        "INVALID": 0.07863401482812851,
        "MALICIOUS": 0,
        "SANE": 0,
        "VALID": 0,
        "total": 100.01887846023966
    }
}