{
    "counter": {
        "ACTIVE": 12265,
        "INACTIVE": 1227,
        "INVALID": 7,
        "MALICIOUS": 0,
        "SANE": 0,
        "VALID": 0,
        "total": 13499
    },
    "percentage": {
        "ACTIVE": 90.85858211719386,
        "INACTIVE": 9.095626389918458,
        "INVALID": 0.07863401482812851,
        "MALICIOUS": 0,
        "SANE": 0,
        "VALID": 0,
        "total": 100.03284252194045
    }
}