{
    "counter": {
        "ACTIVE": 12441,
        "INACTIVE": 1253,
        "INVALID": 7,
        "MALICIOUS": 0,
        "SANE": 0,
        "VALID": 0,
        "total": 13701
    },
    "percentage": {
        "ACTIVE": 90.80359097876068,
        "INACTIVE": 9.147988610644667,
        "INVALID": 0.07863401482812851,
        "MALICIOUS": 0,
        "SANE": 0,
        "VALID": 0,
        "total": 100.03021360423348
    }
}