{
    "counter": {
        "ACTIVE": 13650,
        "INACTIVE": 1425,
        "INVALID": 7,
        "MALICIOUS": 0,
        "SANE": 0,
        "VALID": 0,
        "total": 15082
    },
    "percentage": {
        "ACTIVE": 90.50523803209123,
        "INACTIVE": 9.465293922284955,
        "INVALID": 0.07863401482812851,
        "MALICIOUS": 0,
        "SANE": 0,
        "VALID": 0,
        "total": 100.04916596920431
    }
}