{
    "counter": {
        "ACTIVE": 16194,
        "INACTIVE": 1518,
        "INVALID": 7,
        "MALICIOUS": 0,
        "SANE": 0,
        "VALID": 0,
        "total": 17719
    },
    "percentage": {
        "ACTIVE": 91.39341949319939,
        "INACTIVE": 8.567074891359557,
        "INVALID": 0.03950561544105198,
        "MALICIOUS": 0.0,
        "SANE": 0.0,
        "VALID": 0.0,
        "total": 100.0
    }
}