{
    "counter": {
        "ACTIVE": 16290,
        "INACTIVE": 1520,
        "INVALID": 7,
        "MALICIOUS": 0,
        "SANE": 0,
        "VALID": 0,
        "total": 17817
    },
    "percentage": {
        "ACTIVE": 91.42953359151372,
        "INACTIVE": 8.531178088342594,
        "INVALID": 0.039288320143683,
        "MALICIOUS": 0.0,
        "SANE": 0.0,
        "VALID": 0.0,
        "total": 100.0
    }
}