{
    "counter": {
        "ACTIVE": 11996,
        "INACTIVE": 1186,
        "INVALID": 7,
        "MALICIOUS": 0,
        "SANE": 0,
        "VALID": 0,
        "total": 13189
    },
    "percentage": {
        "ACTIVE": 90.95458336492531,
        "INACTIVE": 8.9977998634398,
        "INVALID": 0.07863401482812851,
        "MALICIOUS": 0,
        "SANE": 0,
        "VALID": 0,
        "total": 100.03101724319323
    }
}