{
    "counter": {
        "ACTIVE": 10636,
        "INACTIVE": 961,
        "INVALID": 7,
        "MALICIOUS": 0,
        "SANE": 0,
        "VALID": 0,
        "total": 11604
    },
    "percentage": {
        "ACTIVE": 91.6580489486384,
        "INACTIVE": 8.282340773937774,
        "INVALID": 0.07863401482812851,
        "MALICIOUS": 0,
        "SANE": 0,
        "VALID": 0,
        "total": 100.0190237374043
    }
}