{
    "counter": {
        "ACTIVE": 16246,
        "INACTIVE": 1519,
        "INVALID": 7,
        "MALICIOUS": 0,
        "SANE": 0,
        "VALID": 0,
        "total": 17772
    },
    "percentage": {
        "ACTIVE": 91.41345937429665,
        "INACTIVE": 8.547152824668018,
        "INVALID": 0.039387801035336484,
        "MALICIOUS": 0.0,
        "SANE": 0.0,
        "VALID": 0.0,
        "total": 100.0
    }
}