{
    "counter": {
        "ACTIVE": 13439,
        "INACTIVE": 1410,
        "INVALID": 7,
        "MALICIOUS": 0,
        "SANE": 0,
        "VALID": 0,
        "total": 14856
    },
    "percentage": {
        "ACTIVE": 90.46176628971459,
        "INACTIVE": 9.50262838657501,
        "INVALID": 0.07863401482812851,
        "MALICIOUS": 0,
        "SANE": 0,
        "VALID": 0,
        "total": 100.04302869111773
    }
}