{
    "counter": {
        "ACTIVE": 8171,
        "INACTIVE": 440,
        "INVALID": 6,
        "MALICIOUS": 0,
        "SANE": 0,
        "VALID": 0,
        "total": 8617
    },
    "percentage": {
        "ACTIVE": 94.83519034354688,
        "INACTIVE": 5.106185447371475,
        "INVALID": 1.0050251256281406,
        "MALICIOUS": 0,
        "SANE": 0,
        "VALID": 0,
        "total": 100.9464009165465
    }
}