{
    "counter": {
        "ACTIVE": 13099,
        "INACTIVE": 1390,
        "INVALID": 7,
        "MALICIOUS": 0,
        "SANE": 0,
        "VALID": 0,
        "total": 14496
    },
    "percentage": {
        "ACTIVE": 90.3628587196468,
        "INACTIVE": 9.606081548030408,
        "INVALID": 0.07863401482812851,
        "MALICIOUS": 0,
        "SANE": 0,
        "VALID": 0,
        "total": 100.04757428250532
    }
}