{
    "counter": {
        "ACTIVE": 8981,
        "INACTIVE": 615,
        "INVALID": 7,
        "MALICIOUS": 0,
        "SANE": 0,
        "VALID": 0,
        "total": 9603
    },
    "percentage": {
        "ACTIVE": 93.52285744038322,
        "INACTIVE": 6.4075849135236504,
        "INVALID": 0.07863401482812851,
        "MALICIOUS": 0,
        "SANE": 0,
        "VALID": 0,
        "total": 100.009076368735
    }
}