{
    "counter": {
        "ACTIVE": 15029,
        "INACTIVE": 1462,
        "INVALID": 7,
        "MALICIOUS": 0,
        "SANE": 0,
        "VALID": 0,
        "total": 16498
    },
    "percentage": {
        "ACTIVE": 91.0958904109589,
        "INACTIVE": 8.868130534999393,
        "INVALID": 0.07863401482812851,
        "MALICIOUS": 0,
        "SANE": 0,
        "VALID": 0,
        "total": 100.04265496078642
    }
}