{
    "counter": {
        "ACTIVE": 12552,
        "INACTIVE": 1287,
        "INVALID": 7,
        "MALICIOUS": 0,
        "SANE": 0,
        "VALID": 0,
        "total": 13846
    },
    "percentage": {
        "ACTIVE": 90.65434060378449,
        "INACTIVE": 9.295774647887324,
        "INVALID": 0.07863401482812851,
        "MALICIOUS": 0,
        "SANE": 0,
        "VALID": 0,
        "total": 100.02874926649994
    }
}