{
    "counter": {
        "ACTIVE": 11811,
        "INACTIVE": 1084,
        "INVALID": 7,
        "MALICIOUS": 0,
        "SANE": 0,
        "VALID": 0,
        "total": 12902
    },
    "percentage": {
        "ACTIVE": 91.54394667493412,
        "INACTIVE": 8.431204791164346,
        "INVALID": 0.07863401482812851,
        "MALICIOUS": 0,
        "SANE": 0,
        "VALID": 0,
        "total": 100.05378548092659
    }
}