{
    "counter": {
        "ACTIVE": 181,
        "INACTIVE": 1,
        "INVALID": 4,
        "MALICIOUS": 0,
        "SANE": 0,
        "VALID": 0,
        "total": 186
    },
    "percentage": {
        "ACTIVE": 97.31182795698925,
        "INACTIVE": 0.5617977528089888,
        "INVALID": 80.0,
        "MALICIOUS": 0,
        "SANE": 0,
        "VALID": 0,
        "total": 177.87362570979823
    }
}