{
    "counter": {
        "ACTIVE": 16259,
        "INACTIVE": 1519,
        "INVALID": 7,
        "MALICIOUS": 0,
        "SANE": 0,
        "VALID": 0,
        "total": 17785
    },
    "percentage": {
        "ACTIVE": 91.41973573235873,
        "INACTIVE": 8.540905257239247,
        "INVALID": 0.03935901040202418,
        "MALICIOUS": 0.0,
        "SANE": 0.0,
        "VALID": 0.0,
        "total": 100.0
    }
}