{
    "counter": {
        "ACTIVE": 11034,
        "INACTIVE": 1028,
        "INVALID": 7,
        "MALICIOUS": 0,
        "SANE": 0,
        "VALID": 0,
        "total": 12069
    },
    "percentage": {
        "ACTIVE": 91.42431021625653,
        "INACTIVE": 8.521220159151193,
        "INVALID": 0.07863401482812851,
        "MALICIOUS": 0,
        "SANE": 0,
        "VALID": 0,
        "total": 100.02416439023585
    }
}