{
    "counter": {
        "ACTIVE": 13900,
        "INACTIVE": 1437,
        "INVALID": 7,
        "MALICIOUS": 0,
        "SANE": 0,
        "VALID": 0,
        "total": 15344
    },
    "percentage": {
        "ACTIVE": 90.58915537017727,
        "INACTIVE": 9.370720573850669,
        "INVALID": 0.07863401482812851,
        "MALICIOUS": 0,
        "SANE": 0,
        "VALID": 0,
        "total": 100.03850995885607
    }
}