{
    "counter": {
        "ACTIVE": 15686,
        "INACTIVE": 1488,
        "INVALID": 7,
        "MALICIOUS": 0,
        "SANE": 0,
        "VALID": 0,
        "total": 17181
    },
    "percentage": {
        "ACTIVE": 91.29852744310575,
        "INACTIVE": 8.665773688195213,
        "INVALID": 0.07863401482812851,
        "MALICIOUS": 0,
        "SANE": 0,
        "VALID": 0,
        "total": 100.0429351461291
    }
}