{
    "counter": {
        "ACTIVE": 11618,
        "INACTIVE": 1065,
        "INVALID": 7,
        "MALICIOUS": 0,
        "SANE": 0,
        "VALID": 0,
        "total": 12690
    },
    "percentage": {
        "ACTIVE": 91.55240346729708,
        "INACTIVE": 8.400378608613346,
        "INVALID": 0.07863401482812851,
        "MALICIOUS": 0,
        "SANE": 0,
        "VALID": 0,
        "total": 100.03141609073856
    }
}