{
    "counter": {
        "ACTIVE": 11626,
        "INACTIVE": 1066,
        "INVALID": 7,
        "MALICIOUS": 0,
        "SANE": 0,
        "VALID": 0,
        "total": 12699
    },
    "percentage": {
        "ACTIVE": 91.55051578864477,
        "INACTIVE": 8.397668189695919,
        "INVALID": 0.07863401482812851,
        "MALICIOUS": 0,
        "SANE": 0,
        "VALID": 0,
        "total": 100.02681799316882
    }
}