{
    "counter": {
        "ACTIVE": 12175,
        "INACTIVE": 1213,
        "INVALID": 7,
        "MALICIOUS": 0,
        "SANE": 0,
        "VALID": 0,
        "total": 13395
    },
    "percentage": {
        "ACTIVE": 90.89212392683837,
        "INACTIVE": 9.061029356838723,
        "INVALID": 0.07863401482812851,
        "MALICIOUS": 0,
        "SANE": 0,
        "VALID": 0,
        "total": 100.03178729850522
    }
}