{
    "counter": {
        "ACTIVE": 15777,
        "INACTIVE": 1489,
        "INVALID": 7,
        "MALICIOUS": 0,
        "SANE": 0,
        "VALID": 0,
        "total": 17273
    },
    "percentage": {
        "ACTIVE": 91.33908411972442,
        "INACTIVE": 8.6489312267658,
        "INVALID": 0.07863401482812851,
        "MALICIOUS": 0,
        "SANE": 0,
        "VALID": 0,
        "total": 100.06664936131834
    }
}