{
    "counter": {
        "ACTIVE": 12252,
        "INACTIVE": 1226,
        "INVALID": 7,
        "MALICIOUS": 0,
        "SANE": 0,
        "VALID": 0,
        "total": 13485
    },
    "percentage": {
        "ACTIVE": 90.85650723025584,
        "INACTIVE": 9.092931840094934,
        "INVALID": 0.07863401482812851,
        "MALICIOUS": 0,
        "SANE": 0,
        "VALID": 0,
        "total": 100.0280730851789
    }
}