{
    "counter": {
        "ACTIVE": 12576,
        "INACTIVE": 1288,
        "INVALID": 7,
        "MALICIOUS": 0,
        "SANE": 0,
        "VALID": 0,
        "total": 13871
    },
    "percentage": {
        "ACTIVE": 90.66397520005768,
        "INACTIVE": 9.289578074287775,
        "INVALID": 0.07863401482812851,
        "MALICIOUS": 0,
        "SANE": 0,
        "VALID": 0,
        "total": 100.03218728917358
    }
}