{
    "counter": {
        "ACTIVE": 15639,
        "INACTIVE": 1486,
        "INVALID": 7,
        "MALICIOUS": 0,
        "SANE": 0,
        "VALID": 0,
        "total": 17132
    },
    "percentage": {
        "ACTIVE": 91.28531403222041,
        "INACTIVE": 8.676865584491416,
        "INVALID": 0.07863401482812851,
        "MALICIOUS": 0,
        "SANE": 0,
        "VALID": 0,
        "total": 100.04081363153996
    }
}