{
    "counter": {
        "ACTIVE": 13040,
        "INACTIVE": 1379,
        "INVALID": 7,
        "MALICIOUS": 0,
        "SANE": 0,
        "VALID": 0,
        "total": 14426
    },
    "percentage": {
        "ACTIVE": 90.3923471509774,
        "INACTIVE": 9.563770025660586,
        "INVALID": 0.07863401482812851,
        "MALICIOUS": 0,
        "SANE": 0,
        "VALID": 0,
        "total": 100.03475119146611
    }
}