{
    "counter": {
        "ACTIVE": 16263,
        "INACTIVE": 1519,
        "INVALID": 7,
        "MALICIOUS": 0,
        "SANE": 0,
        "VALID": 0,
        "total": 17789
    },
    "percentage": {
        "ACTIVE": 91.42166507392209,
        "INACTIVE": 8.538984765866546,
        "INVALID": 0.03935016021136657,
        "MALICIOUS": 0.0,
        "SANE": 0.0,
        "VALID": 0.0,
        "total": 100.0
    }
}