{
    "counter": {
        "ACTIVE": 13401,
        "INACTIVE": 1408,
        "INVALID": 7,
        "MALICIOUS": 0,
        "SANE": 0,
        "VALID": 0,
        "total": 14816
    },
    "percentage": {
        "ACTIVE": 90.44951403887688,
        "INACTIVE": 9.523165370307744,
        "INVALID": 0.07863401482812851,
        "MALICIOUS": 0,
        "SANE": 0,
        "VALID": 0,
        "total": 100.05131342401275
    }
}