{
    "counter": {
        "ACTIVE": 12931,
        "INACTIVE": 1363,
        "INVALID": 7,
        "MALICIOUS": 0,
        "SANE": 0,
        "VALID": 0,
        "total": 14301
    },
    "percentage": {
        "ACTIVE": 90.4202503321446,
        "INACTIVE": 9.533468559837727,
        "INVALID": 0.07863401482812851,
        "MALICIOUS": 0,
        "SANE": 0,
        "VALID": 0,
        "total": 100.03235290681046
    }
}