{
    "counter": {
        "ACTIVE": 12212,
        "INACTIVE": 1215,
        "INVALID": 7,
        "MALICIOUS": 0,
        "SANE": 0,
        "VALID": 0,
        "total": 13434
    },
    "percentage": {
        "ACTIVE": 90.9036772368617,
        "INACTIVE": 9.054325955734406,
        "INVALID": 0.07863401482812851,
        "MALICIOUS": 0,
        "SANE": 0,
        "VALID": 0,
        "total": 100.03663720742422
    }
}