{
    "counter": {
        "ACTIVE": 12666,
        "INACTIVE": 1319,
        "INVALID": 7,
        "MALICIOUS": 0,
        "SANE": 0,
        "VALID": 0,
        "total": 13992
    },
    "percentage": {
        "ACTIVE": 90.52315608919382,
        "INACTIVE": 9.430185171945379,
        "INVALID": 0.07863401482812851,
        "MALICIOUS": 0,
        "SANE": 0,
        "VALID": 0,
        "total": 100.03197527596733
    }
}