{
    "counter": {
        "ACTIVE": 8829,
        "INACTIVE": 582,
        "INVALID": 7,
        "MALICIOUS": 0,
        "SANE": 0,
        "VALID": 0,
        "total": 9418
    },
    "percentage": {
        "ACTIVE": 93.75597323988531,
        "INACTIVE": 6.179655977914631,
        "INVALID": 0.07863401482812851,
        "MALICIOUS": 0,
        "SANE": 0,
        "VALID": 0,
        "total": 100.01426323262807
    }
}