{
    "counter": {
        "ACTIVE": 15416,
        "INACTIVE": 1475,
        "INVALID": 7,
        "MALICIOUS": 0,
        "SANE": 0,
        "VALID": 0,
        "total": 16898
    },
    "percentage": {
        "ACTIVE": 91.22973132915138,
        "INACTIVE": 8.738151658767773,
        "INVALID": 0.07863401482812851,
        "MALICIOUS": 0,
        "SANE": 0,
        "VALID": 0,
        "total": 100.04651700274728
    }
}