{
    "counter": {
        "ACTIVE": 12455,
        "INACTIVE": 1257,
        "INVALID": 7,
        "MALICIOUS": 0,
        "SANE": 0,
        "VALID": 0,
        "total": 13719
    },
    "percentage": {
        "ACTIVE": 90.78650047379547,
        "INACTIVE": 9.165147648559971,
        "INVALID": 0.07863401482812851,
        "MALICIOUS": 0,
        "SANE": 0,
        "VALID": 0,
        "total": 100.03028213718356
    }
}