{
    "counter": {
        "ACTIVE": 10244,
        "INACTIVE": 928,
        "INVALID": 7,
        "MALICIOUS": 0,
        "SANE": 0,
        "VALID": 0,
        "total": 11179
    },
    "percentage": {
        "ACTIVE": 91.63610340817604,
        "INACTIVE": 8.302021828591878,
        "INVALID": 0.07863401482812851,
        "MALICIOUS": 0,
        "SANE": 0,
        "VALID": 0,
        "total": 100.01675925159604
    }
}