{
    "counter": {
        "ACTIVE": 15530,
        "INACTIVE": 1480,
        "INVALID": 7,
        "MALICIOUS": 0,
        "SANE": 0,
        "VALID": 0,
        "total": 17017
    },
    "percentage": {
        "ACTIVE": 91.26167949697361,
        "INACTIVE": 8.70281077266847,
        "INVALID": 0.07863401482812851,
        "MALICIOUS": 0,
        "SANE": 0,
        "VALID": 0,
        "total": 100.04312428447021
    }
}