{
    "counter": {
        "ACTIVE": 16159,
        "INACTIVE": 1517,
        "INVALID": 7,
        "MALICIOUS": 0,
        "SANE": 0,
        "VALID": 0,
        "total": 17683
    },
    "percentage": {
        "ACTIVE": 91.38155290391902,
        "INACTIVE": 8.578861052988746,
        "INVALID": 0.03958604309223548,
        "MALICIOUS": 0.0,
        "SANE": 0.0,
        "VALID": 0.0,
        "total": 100.0
    }
}