{
    "counter": {
        "ACTIVE": 15113,
        "INACTIVE": 1464,
        "INVALID": 7,
        "MALICIOUS": 0,
        "SANE": 0,
        "VALID": 0,
        "total": 16584
    },
    "percentage": {
        "ACTIVE": 91.13000482392668,
        "INACTIVE": 8.856624319419238,
        "INVALID": 0.07863401482812851,
        "MALICIOUS": 0,
        "SANE": 0,
        "VALID": 0,
        "total": 100.06526315817405
    }
}