{
    "counter": {
        "ACTIVE": 13599,
        "INACTIVE": 1420,
        "INVALID": 7,
        "MALICIOUS": 0,
        "SANE": 0,
        "VALID": 0,
        "total": 15026
    },
    "percentage": {
        "ACTIVE": 90.50312791161986,
        "INACTIVE": 9.451544195953142,
        "INVALID": 0.07863401482812851,
        "MALICIOUS": 0,
        "SANE": 0,
        "VALID": 0,
        "total": 100.03330612240113
    }
}