{
    "counter": {
        "ACTIVE": 12766,
        "INACTIVE": 1337,
        "INVALID": 7,
        "MALICIOUS": 0,
        "SANE": 0,
        "VALID": 0,
        "total": 14110
    },
    "percentage": {
        "ACTIVE": 90.47484053862509,
        "INACTIVE": 9.478908188585608,
        "INVALID": 0.07863401482812851,
        "MALICIOUS": 0,
        "SANE": 0,
        "VALID": 0,
        "total": 100.03238274203882
    }
}