{
    "counter": {
        "ACTIVE": 7930,
        "INACTIVE": 376,
        "INVALID": 6,
        "MALICIOUS": 0,
        "SANE": 0,
        "VALID": 0,
        "total": 8312
    },
    "percentage": {
        "ACTIVE": 95.40423484119346,
        "INACTIVE": 4.524669073405535,
        "INVALID": 1.0050251256281406,
        "MALICIOUS": 0,
        "SANE": 0,
        "VALID": 0,
        "total": 100.93392904022713
    }
}