{
    "counter": {
        "ACTIVE": 13011,
        "INACTIVE": 1373,
        "INVALID": 7,
        "MALICIOUS": 0,
        "SANE": 0,
        "VALID": 0,
        "total": 14391
    },
    "percentage": {
        "ACTIVE": 90.4106733375026,
        "INACTIVE": 9.54201125860032,
        "INVALID": 0.07863401482812851,
        "MALICIOUS": 0,
        "SANE": 0,
        "VALID": 0,
        "total": 100.03131861093105
    }
}