{
    "counter": {
        "ACTIVE": 14484,
        "INACTIVE": 1451,
        "INVALID": 7,
        "MALICIOUS": 0,
        "SANE": 0,
        "VALID": 0,
        "total": 15942
    },
    "percentage": {
        "ACTIVE": 90.85434700790366,
        "INACTIVE": 9.131529263687854,
        "INVALID": 0.07863401482812851,
        "MALICIOUS": 0,
        "SANE": 0,
        "VALID": 0,
        "total": 100.06451028641963
    }
}