{
    "counter": {
        "ACTIVE": 11427,
        "INACTIVE": 1051,
        "INVALID": 7,
        "MALICIOUS": 0,
        "SANE": 0,
        "VALID": 0,
        "total": 12485
    },
    "percentage": {
        "ACTIVE": 91.53316244793335,
        "INACTIVE": 8.41810172206648,
        "INVALID": 0.07863401482812851,
        "MALICIOUS": 0,
        "SANE": 0,
        "VALID": 0,
        "total": 100.02989818482796
    }
}