{
    "counter": {
        "ACTIVE": 9705,
        "INACTIVE": 820,
        "INVALID": 7,
        "MALICIOUS": 0,
        "SANE": 0,
        "VALID": 0,
        "total": 10532
    },
    "percentage": {
        "ACTIVE": 92.14774022028105,
        "INACTIVE": 7.79023370701121,
        "INVALID": 0.07863401482812851,
        "MALICIOUS": 0,
        "SANE": 0,
        "VALID": 0,
        "total": 100.01660794212039
    }
}