{
    "counter": {
        "ACTIVE": 2338,
        "INACTIVE": 13,
        "INVALID": 6,
        "MALICIOUS": 0,
        "SANE": 0,
        "VALID": 0,
        "total": 2357
    },
    "percentage": {
        "ACTIVE": 99.19389053882054,
        "INACTIVE": 0.585321927059883,
        "INVALID": 1.0050251256281406,
        "MALICIOUS": 0,
        "SANE": 0,
        "VALID": 0,
        "total": 100.78423759150856
    }
}