{
    "counter": {
        "ACTIVE": 11489,
        "INACTIVE": 1058,
        "INVALID": 7,
        "MALICIOUS": 0,
        "SANE": 0,
        "VALID": 0,
        "total": 12554
    },
    "percentage": {
        "ACTIVE": 91.51664808029314,
        "INACTIVE": 8.4289356277884,
        "INVALID": 0.07863401482812851,
        "MALICIOUS": 0,
        "SANE": 0,
        "VALID": 0,
        "total": 100.02421772290967
    }
}