{
    "counter": {
        "ACTIVE": 9950,
        "INACTIVE": 845,
        "INVALID": 7,
        "MALICIOUS": 0,
        "SANE": 0,
        "VALID": 0,
        "total": 10802
    },
    "percentage": {
        "ACTIVE": 92.11257174597297,
        "INACTIVE": 7.831325301204819,
        "INVALID": 0.07863401482812851,
        "MALICIOUS": 0,
        "SANE": 0,
        "VALID": 0,
        "total": 100.02253106200591
    }
}