{
    "counter": {
        "ACTIVE": 12909,
        "INACTIVE": 1361,
        "INVALID": 7,
        "MALICIOUS": 0,
        "SANE": 0,
        "VALID": 0,
        "total": 14277
    },
    "percentage": {
        "ACTIVE": 90.42448865228356,
        "INACTIVE": 9.532815017160468,
        "INVALID": 0.07863401482812851,
        "MALICIOUS": 0,
        "SANE": 0,
        "VALID": 0,
        "total": 100.03593768427216
    }
}