{
    "counter": {
        "ACTIVE": 15044,
        "INACTIVE": 1462,
        "INVALID": 7,
        "MALICIOUS": 0,
        "SANE": 0,
        "VALID": 0,
        "total": 16513
    },
    "percentage": {
        "ACTIVE": 91.10397868346152,
        "INACTIVE": 8.868130534999393,
        "INVALID": 0.07863401482812851,
        "MALICIOUS": 0,
        "SANE": 0,
        "VALID": 0,
        "total": 100.05074323328904
    }
}