{
    "counter": {
        "ACTIVE": 12650,
        "INACTIVE": 1318,
        "INVALID": 7,
        "MALICIOUS": 0,
        "SANE": 0,
        "VALID": 0,
        "total": 13975
    },
    "percentage": {
        "ACTIVE": 90.52526119937026,
        "INACTIVE": 9.431127012522362,
        "INVALID": 0.07863401482812851,
        "MALICIOUS": 0,
        "SANE": 0,
        "VALID": 0,
        "total": 100.03502222672076
    }
}