{
    "counter": {
        "ACTIVE": 13073,
        "INACTIVE": 1389,
        "INVALID": 7,
        "MALICIOUS": 0,
        "SANE": 0,
        "VALID": 0,
        "total": 14469
    },
    "percentage": {
        "ACTIVE": 90.35178657820167,
        "INACTIVE": 9.602488765986864,
        "INVALID": 0.07863401482812851,
        "MALICIOUS": 0,
        "SANE": 0,
        "VALID": 0,
        "total": 100.03290935901666
    }
}