{
    "counter": {
        "ACTIVE": 12389,
        "INACTIVE": 1243,
        "INVALID": 7,
        "MALICIOUS": 0,
        "SANE": 0,
        "VALID": 0,
        "total": 13639
    },
    "percentage": {
        "ACTIVE": 90.83510521299216,
        "INACTIVE": 9.12092750220135,
        "INVALID": 0.07863401482812851,
        "MALICIOUS": 0,
        "SANE": 0,
        "VALID": 0,
        "total": 100.03466673002164
    }
}