{
    "counter": {
        "ACTIVE": 13371,
        "INACTIVE": 1408,
        "INVALID": 7,
        "MALICIOUS": 0,
        "SANE": 0,
        "VALID": 0,
        "total": 14786
    },
    "percentage": {
        "ACTIVE": 90.43013661571757,
        "INACTIVE": 9.523165370307744,
        "INVALID": 0.07863401482812851,
        "MALICIOUS": 0,
        "SANE": 0,
        "VALID": 0,
        "total": 100.03193600085343
    }
}