{
    "counter": {
        "ACTIVE": 11955,
        "INACTIVE": 1176,
        "INVALID": 7,
        "MALICIOUS": 0,
        "SANE": 0,
        "VALID": 0,
        "total": 13138
    },
    "percentage": {
        "ACTIVE": 90.99558532501142,
        "INACTIVE": 8.95249695493301,
        "INVALID": 0.07863401482812851,
        "MALICIOUS": 0,
        "SANE": 0,
        "VALID": 0,
        "total": 100.02671629477256
    }
}