{
    "counter": {
        "ACTIVE": 12432,
        "INACTIVE": 1250,
        "INVALID": 7,
        "MALICIOUS": 0,
        "SANE": 0,
        "VALID": 0,
        "total": 13689
    },
    "percentage": {
        "ACTIVE": 90.81744466359851,
        "INACTIVE": 9.137426900584796,
        "INVALID": 0.07863401482812851,
        "MALICIOUS": 0,
        "SANE": 0,
        "VALID": 0,
        "total": 100.03350557901143
    }
}