{
    "counter": {
        "ACTIVE": 10024,
        "INACTIVE": 864,
        "INVALID": 7,
        "MALICIOUS": 0,
        "SANE": 0,
        "VALID": 0,
        "total": 10895
    },
    "percentage": {
        "ACTIVE": 92.00550711335475,
        "INACTIVE": 7.938257993384785,
        "INVALID": 0.07863401482812851,
        "MALICIOUS": 0,
        "SANE": 0,
        "VALID": 0,
        "total": 100.02239912156766
    }
}