{
    "counter": {
        "Above.com Pty Ltd.": 5,
        "Amazon Registrar, Inc.": 2,
        "CNOBIN INFORMATION TECHNOLOGY LIMITED": 2,
        "Danesco Trading Ltd.": 66,
        "Domain Ala Carte, LLC": 1,
        "DropCatch.com 1506 LLC": 1,
        "Gandi SAS": 1,
        "GoDaddy.com, LLC": 5,
        "Hostinger, UAB": 1,
        "NameCheap, Inc.": 8,
        "Namecheap": 3,
        "Onlinenic Inc": 1,
        "PDR Ltd. d/b/a PublicDomainRegistry.com": 2,
        "URL Solutions Inc.": 2,
        "URL Solutions, Inc.": 2,
        "eNom, LLC": 12,
        "total": 114
    },
    "percentage": {
        "Above.com Pty Ltd.": 4.385964912280702,
        "Amazon Registrar, Inc.": 1.7543859649122806,
        "CNOBIN INFORMATION TECHNOLOGY LIMITED": 1.7543859649122806,
        "Danesco Trading Ltd.": 57.89473684210526,
        "Domain Ala Carte, LLC": 0.8771929824561403,
        "DropCatch.com 1506 LLC": 0.8771929824561403,
        "Gandi SAS": 0.8771929824561403,
        "GoDaddy.com, LLC": 4.385964912280702,
        "Hostinger, UAB": 0.8771929824561403,
        "NameCheap, Inc.": 7.017543859649122,
        "Namecheap": 2.6315789473684212,
        "Onlinenic Inc": 0.8771929824561403,
        "PDR Ltd. d/b/a PublicDomainRegistry.com": 1.7543859649122806,
        "URL Solutions Inc.": 1.7543859649122806,
        "URL Solutions, Inc.": 1.7543859649122806,
        "eNom, LLC": 10.526315789473685,
        "total": 99.99999999999996
    }
}